file_name,status,num_islands,rows_retained,alert_type,max_gap_before,max_gap_after,clipping_density,features_healed,healing_details,integrity_comment
2026-01-01_BTCUSDT_ob200.data,VALID,1,44412,HIGH_TAIL_VOL,0.00,0.00,0.0000%,,,Passed
2026-01-02_BTCUSDT_ob200.data,VALID,1,207754,HIGH_TAIL_VOL,0.00,0.00,0.0000%,,,Passed
2026-01-03_BTCUSDT_ob200.data,VALID,1,56531,HIGH_TAIL_VOL,0.00,0.00,0.0000%,,,Passed
2026-01-04_BTCUSDT_ob200.data,VALID,1,80168,HIGH_TAIL_VOL,0.00,0.00,0.0000%,,,Passed
2026-01-05_BTCUSDT_ob200.data,VALID,1,237612,HIGH_TAIL_VOL,0.00,0.00,0.0000%,,,Passed
2026-01-06_BTCUSDT_ob200.data,VALID,1,218536,HIGH_TAIL_VOL,0.00,0.00,0.0000%,,,Passed
2026-01-07_BTCUSDT_ob200.data,VALID,1,192442,HIGH_TAIL_VOL,0.00,0.00,0.0000%,,,Passed
2026-01-08_BTCUSDT_ob200.data,VALID,1,215256,HIGH_TAIL_VOL,0.00,0.00,0.0000%,,,Passed
2026-01-10_BTCUSDT_ob200.data,VALID,1,19144,HIGH_TAIL_VOL,0.00,0.00,0.0000%,,,Passed
2026-01-09_BTCUSDT_ob200.data,VALID,1,168247,HIGH_TAIL_VOL,0.00,0.00,0.0000%,,,Passed
2026-01-11_BTCUSDT_ob200.data,VALID,1,42923,HIGH_TAIL_VOL,0.00,0.00,0.0000%,,,Passed
2026-01-12_BTCUSDT_ob200.data,VALID,1,185456,HIGH_TAIL_VOL,0.00,0.00,0.0000%,,,Passed
2026-01-13_BTCUSDT_ob200.data,VALID,1,228657,HIGH_TAIL_VOL,0.00,0.00,0.0000%,,,Passed
2026-01-14_BTCUSDT_ob200.data,VALID,1,203355,HIGH_TAIL_VOL,0.00,0.00,0.0000%,,,Passed
2026-01-16_BTCUSDT_ob200.data,VALID,1,119243,HIGH_TAIL_VOL,0.00,0.00,0.0000%,,,Passed
2026-01-15_BTCUSDT_ob200.data,VALID,1,155090,HIGH_TAIL_VOL,0.00,0.00,0.0000%,,,Passed
2026-01-17_BTCUSDT_ob200.data,VALID,1,24527,HIGH_TAIL_VOL,0.00,0.00,0.0000%,,,Passed
2026-01-18_BTCUSDT_ob200.data,VALID,1,52180,HIGH_TAIL_VOL,0.00,0.00,0.0000%,,,Passed
2026-01-19_BTCUSDT_ob200.data,VALID,1,122156,HIGH_TAIL_VOL,0.00,0.00,0.0000%,,,Passed
2026-01-20_BTCUSDT_ob200.data,VALID,1,215955,HIGH_TAIL_VOL,0.00,0.00,0.0000%,,,Passed
2026-01-21_BTCUSDT_ob200.data,VALID,1,258794,HIGH_TAIL_VOL,0.00,0.00,0.0000%,,,Passed
2026-01-22_BTCUSDT_ob200.data,VALID,1,154009,HIGH_TAIL_VOL,0.00,0.00,0.0000%,,,Passed
2026-01-24_BTCUSDT_ob200.data,VALID,1,19041,HIGH_TAIL_VOL,0.00,0.00,0.0000%,,,Passed
2026-01-23_BTCUSDT_ob200.data,VALID,1,157160,HIGH_TAIL_VOL,0.00,0.00,0.0000%,,,Passed
2026-01-25_BTCUSDT_ob200.data,VALID,1,129199,HIGH_TAIL_VOL,0.00,0.00,0.0000%,,,Passed
2026-01-26_BTCUSDT_ob200.data,VALID,1,149755,HIGH_TAIL_VOL,0.00,0.00,0.0000%,,,Passed
2026-01-27_BTCUSDT_ob200.data,VALID,1,128987,HIGH_TAIL_VOL,0.00,0.00,0.0000%,,,Passed
2026-01-28_BTCUSDT_ob200.data,VALID,1,186464,HIGH_TAIL_VOL,0.00,0.00,0.0000%,,,Passed
2026-01-29_BTCUSDT_ob200.data,VALID,1,246393,HIGH_TAIL_VOL,0.00,0.00,0.0000%,,,Passed
2026-01-30_BTCUSDT_ob200.data,VALID,1,268621,HIGH_TAIL_VOL,0.00,0.00,0.0000%,,,Passed
2026-01-31_BTCUSDT_ob200.data,VALID,1,241620,HIGH_TAIL_VOL,0.00,0.00,0.0000%,,,Passed
2026-02-01_BTCUSDT_ob200.data,VALID,1,208839,HIGH_TAIL_VOL,0.00,0.00,0.0000%,,,Passed
2026-02-02_BTCUSDT_ob200.data,VALID,1,248402,HIGH_TAIL_VOL,0.00,0.00,0.0000%,,,Passed
2026-02-03_BTCUSDT_ob200.data,VALID,1,266310,HIGH_TAIL_VOL,0.00,0.00,0.0000%,,,Passed
2026-02-04_BTCUSDT_ob200.data,VALID,1,260053,HIGH_TAIL_VOL,0.00,0.00,0.0000%,,,Passed
2026-02-05_BTCUSDT_ob200.data,VALID,1,448322,HIGH_TAIL_VOL,0.00,0.00,0.0000%,,,Passed
2026-02-06_BTCUSDT_ob200.data,VALID,1,324281,HIGH_TAIL_VOL,0.00,0.00,0.0000%,,,Passed
2026-02-07_BTCUSDT_ob200.data,VALID,1,189833,HIGH_TAIL_VOL,0.00,0.00,0.0000%,,,Passed
2026-02-08_BTCUSDT_ob200.data,VALID,1,129894,HIGH_TAIL_VOL,0.00,0.00,0.0000%,,,Passed
2026-02-09_BTCUSDT_ob200.data,VALID,1,168650,HIGH_TAIL_VOL,0.00,0.00,0.0000%,,,Passed
2026-02-10_BTCUSDT_ob200.data,VALID,1,155440,HIGH_TAIL_VOL,0.00,0.00,0.0000%,,,Passed
2026-02-11_BTCUSDT_ob200.data,VALID,1,232607,HIGH_TAIL_VOL,0.00,0.00,0.0000%,,,Passed
2026-02-12_BTCUSDT_ob200.data,VALID,1,218003,HIGH_TAIL_VOL,0.00,0.00,0.0000%,,,Passed
2026-02-14_BTCUSDT_ob200.data,VALID,1,84233,HIGH_TAIL_VOL,0.00,0.00,0.0000%,,,Passed
2026-02-13_BTCUSDT_ob200.data,VALID,1,174005,HIGH_TAIL_VOL,0.00,0.00,0.0000%,,,Passed
2026-02-15_BTCUSDT_ob200.data,VALID,1,117208,HIGH_TAIL_VOL,0.00,0.00,0.0000%,,,Passed
2026-02-16_BTCUSDT_ob200.data,VALID,1,140604,HIGH_TAIL_VOL,0.00,0.00,0.0000%,,,Passed
2026-02-18_BTCUSDT_ob200.data,VALID,1,152197,HIGH_TAIL_VOL,0.00,0.00,0.0000%,,,Passed
2026-02-17_BTCUSDT_ob200.data,VALID,1,182853,HIGH_TAIL_VOL,0.00,0.00,0.0000%,,,Passed
2026-02-19_BTCUSDT_ob200.data,VALID,1,169805,HIGH_TAIL_VOL,0.00,0.00,0.0000%,,,Passed
2026-02-20_BTCUSDT_ob200.data,VALID,1,174944,HIGH_TAIL_VOL,0.00,0.00,0.0000%,,,Passed
2026-02-21_BTCUSDT_ob200.data,VALID,1,49462,HIGH_TAIL_VOL,0.00,0.00,0.0000%,,,Passed
2026-02-22_BTCUSDT_ob200.data,VALID,1,55215,HIGH_TAIL_VOL,0.00,0.00,0.0000%,,,Passed
2026-02-23_BTCUSDT_ob200.data,VALID,1,240269,HIGH_TAIL_VOL,0.00,0.00,0.0000%,,,Passed
2026-02-24_BTCUSDT_ob200.data,VALID,1,205048,HIGH_TAIL_VOL,0.00,0.00,0.0000%,,,Passed
2026-02-25_BTCUSDT_ob200.data,VALID,1,264342,HIGH_TAIL_VOL,0.00,0.00,0.0000%,,,Passed
2026-02-26_BTCUSDT_ob200.data,VALID,1,179764,HIGH_TAIL_VOL,0.00,0.00,0.0000%,,,Passed
2026-02-27_BTCUSDT_ob200.data,VALID,1,172647,HIGH_TAIL_VOL,0.00,0.00,0.0000%,,,Passed
2026-02-28_BTCUSDT_ob200.data,VALID,1,193588,HIGH_TAIL_VOL,0.00,0.00,0.0000%,,,Passed
2026-03-01_BTCUSDT_ob200.data,VALID,1,157215,HIGH_TAIL_VOL,0.00,0.00,0.0000%,,,Passed
2026-03-02_BTCUSDT_ob200.data,VALID,1,254725,HIGH_TAIL_VOL,0.00,0.00,0.0000%,,,Passed
2026-03-03_BTCUSDT_ob200.data,VALID,1,264075,HIGH_TAIL_VOL,0.00,0.00,0.0000%,,,Passed
2026-03-04_BTCUSDT_ob200.data,VALID,1,277993,HIGH_TAIL_VOL,0.00,0.00,0.0000%,,,Passed
2026-03-05_BTCUSDT_ob200.data,VALID,1,248688,HIGH_TAIL_VOL,0.00,0.00,0.0000%,,,Passed
2026-03-07_BTCUSDT_ob200.data,VALID,1,70224,HIGH_TAIL_VOL,0.00,0.00,0.0000%,,,Passed
2026-03-06_BTCUSDT_ob200.data,VALID,1,224201,HIGH_TAIL_VOL,0.00,0.00,0.0000%,,,Passed
2026-03-08_BTCUSDT_ob200.data,VALID,1,126390,HIGH_TAIL_VOL,0.00,0.00,0.0000%,,,Passed
2026-03-09_BTCUSDT_ob200.data,VALID,1,241876,HIGH_TAIL_VOL,0.00,0.00,0.0000%,,,Passed
2026-03-10_BTCUSDT_ob200.data,VALID,1,289938,HIGH_TAIL_VOL,0.00,0.00,0.0000%,,,Passed
2026-03-11_BTCUSDT_ob200.data,VALID,1,217666,HIGH_TAIL_VOL,0.00,0.00,0.0000%,,,Passed
2026-03-12_BTCUSDT_ob200.data,VALID,1,196824,HIGH_TAIL_VOL,0.00,0.00,0.0000%,,,Passed
2026-03-13_BTCUSDT_ob200.data,VALID,1,286842,HIGH_TAIL_VOL,0.00,0.00,0.0000%,,,Passed
