timestamp_prediction,symbol,prediction,auditor_score,price_at_prediction,horizon_deadline,price_at_deadline,max_price_reached,min_price_reached,was_correct,pnl_observed_pct
2026-03-12 10:30:00,BTCUSDT,NEUTRAL,0.7730563282966614,70149.14499999999,2026-03-12 10:45:00,70460.005,70138.815,70375.955,,0.32332539477140065
2026-03-12 10:35:00,BTCUSDT,NEUTRAL,0.8599162101745605,70255.995,2026-03-12 10:50:00,70510.995,70192.945,70390.995,,0.1921544204163645
2026-03-12 10:40:00,BTCUSDT,NEUTRAL,0.8617247939109802,70373.60500000001,2026-03-12 10:55:00,70510.995,70275.705,70404.715,,0.04420691536263635
2026-03-12 10:45:00,BTCUSDT,NEUTRAL,0.8434514403343201,70368.495,2026-03-12 11:00:00,70510.995,70275.705,70390.525,,0.0313066237952067
2026-03-12 10:50:00,BTCUSDT,NEUTRAL,0.8690948486328125,70390.995,2026-03-12 11:05:00,70482.625,70275.705,70472.85500000001,,0.11629328438959435
2026-03-12 10:55:00,BTCUSDT,NEUTRAL,0.8745779395103455,70404.715,2026-03-12 11:10:00,70488.785,70367.975,70472.655,,0.09649921883783256
2026-03-12 11:00:00,BTCUSDT,NEUTRAL,0.8627204298973083,70390.525,2026-03-12 11:15:00,70540.17499999999,70367.975,70429.08499999999,,0.05478010002056055
2026-03-12 11:05:00,BTCUSDT,NEUTRAL,0.8664026856422424,70472.85500000001,2026-03-12 11:20:00,70542.995,70367.975,70520.535,,0.0676572561165473
2026-03-12 11:10:00,BTCUSDT,NEUTRAL,0.8664026856422424,70472.655,2026-03-12 11:25:00,70628.765,70398.935,70525.625,,0.07516390577309903
2026-03-12 11:15:00,BTCUSDT,NEUTRAL,0.8603277206420898,70416.375,2026-03-12 11:30:00,70628.765,70385.995,70552.005,,0.19261144868648045
2026-03-12 11:20:00,BTCUSDT,NEUTRAL,0.8664026856422424,70520.535,2026-03-12 11:35:00,70628.765,70385.995,70531.435,,0.015456490793772593
2026-03-12 11:25:00,BTCUSDT,NEUTRAL,0.8477485775947571,70529.82500000001,2026-03-12 11:40:00,70659.985,70385.995,70634.935,,0.1490291518516968
2026-03-12 11:30:00,BTCUSDT,NEUTRAL,0.8620925545692444,70552.005,2026-03-12 11:45:00,70745.725,70481.035,70685.13500000001,,0.1886976847787737
2026-03-12 11:35:00,BTCUSDT,NEUTRAL,0.8308539390563965,70531.435,2026-03-12 11:50:00,70798.375,70525.785,70597.57500000001,,0.09377379036739288
2026-03-12 11:40:00,BTCUSDT,NEUTRAL,0.8327227830886841,70634.935,2026-03-12 11:55:00,70798.375,70409.745,70450.235,,-0.26148534007994356
2026-03-12 11:45:00,BTCUSDT,NEUTRAL,0.8664026856422424,70685.13500000001,2026-03-12 12:00:00,70798.375,70405.455,70456.185,,-0.3239011993115831
2026-03-12 11:50:00,BTCUSDT,NEUTRAL,0.8603277206420898,70623.315,2026-03-12 12:05:00,70623.315,70303.725,70340.535,,-0.4004060132266502
2026-03-12 11:55:00,BTCUSDT,NEUTRAL,0.8160593509674072,70429.08499999999,2026-03-12 12:10:00,70484.505,70277.38500000001,70329.215,,-0.14180221140171756
2026-03-12 12:00:00,BTCUSDT,NEUTRAL,0.8218225836753845,70435.985,2026-03-12 12:15:00,70456.185,70277.38500000001,70366.535,,-0.098600168649586
2026-03-12 12:05:00,BTCUSDT,NEUTRAL,0.8974819779396057,70340.535,2026-03-12 12:20:00,70437.995,70277.38500000001,70386.015,,0.06465688667280668
2026-03-12 12:10:00,BTCUSDT,NEUTRAL,0.899236261844635,70329.215,2026-03-12 12:25:00,70477.565,70312.42499999999,70403.275,,0.10530474426594649
2026-03-12 12:15:00,BTCUSDT,NEUTRAL,0.9114561080932617,70366.535,2026-03-12 12:30:00,70477.565,70326.495,70442.975,,0.10863118384328904
2026-03-12 12:20:00,BTCUSDT,NEUTRAL,0.8893890380859375,70386.015,2026-03-12 12:35:00,70477.565,70308.005,70319.285,,-0.09480576503726759
2026-03-12 12:25:00,BTCUSDT,NEUTRAL,0.8741686344146729,70397.275,2026-03-12 12:40:00,70451.955,70286.025,70336.245,,-0.08669369659549868
2026-03-12 12:30:00,BTCUSDT,NEUTRAL,0.8741686344146729,70429.08499999999,2026-03-12 12:45:00,70477.565,70286.025,70461.57500000001,,0.046131509446728995
2026-03-12 12:35:00,BTCUSDT,NEUTRAL,0.8938301801681519,70333.38500000001,2026-03-12 12:50:00,70617.655,70286.025,70594.535,,0.37130304477737586
2026-03-12 12:40:00,BTCUSDT,NEUTRAL,0.8938301801681519,70337.405,2026-03-12 12:55:00,70617.655,70328.505,70381.755,,0.06305322182415718
2026-03-12 12:45:00,BTCUSDT,NEUTRAL,0.8001116514205933,70461.57500000001,2026-03-12 13:00:00,70617.655,70335.995,70385.845,,-0.10747701850265262
2026-03-12 12:50:00,BTCUSDT,NEUTRAL,0.8277915716171265,70594.535,2026-03-12 13:05:00,70597.545,70335.995,70415.125,,-0.2541414855980048
2026-03-12 12:55:00,BTCUSDT,NEUTRAL,0.8808929324150085,70369.91500000001,2026-03-12 13:10:00,70529.995,70335.995,70420.515,,0.07190572846363572
2026-03-12 13:00:00,BTCUSDT,NEUTRAL,0.842000424861908,70406.33499999999,2026-03-12 13:15:00,70529.995,70340.39499999999,70419.945,,0.01933064688002171
2026-03-12 13:05:00,BTCUSDT,NEUTRAL,0.8289439082145691,70418.965,2026-03-12 13:20:00,70529.995,70202.845,70219.705,,-0.2829635454028539
2026-03-12 13:10:00,BTCUSDT,NEUTRAL,0.8186017870903015,70420.515,2026-03-12 13:25:00,70448.63500000001,69990.005,70122.045,,-0.42383955868542167
2026-03-12 13:15:00,BTCUSDT,NEUTRAL,0.8143420815467834,70419.945,2026-03-12 13:30:00,70419.945,69990.005,70080.82500000001,,-0.48156811255674126
2026-03-12 13:20:00,BTCUSDT,NEUTRAL,0.8801395893096924,70219.775,2026-03-12 13:35:00,70363.995,69942.92499999999,70349.465,,0.18469156302480652
2026-03-12 13:25:00,BTCUSDT,NEUTRAL,0.8765466213226318,70105.505,2026-03-12 13:40:00,70453.14499999999,69942.92499999999,70338.305,,0.3320709265270799
2026-03-12 13:30:00,BTCUSDT,NEUTRAL,0.8400387167930603,70078.235,2026-03-12 13:45:00,70453.14499999999,69942.92499999999,70044.275,,-0.04846012460217698
2026-03-12 13:35:00,BTCUSDT,NEUTRAL,0.8787972331047058,70349.465,2026-03-12 13:50:00,70453.14499999999,69719.545,70056.125,,-0.41697545247856044
2026-03-12 13:40:00,BTCUSDT,NEUTRAL,0.8889129757881165,70294.42499999999,2026-03-12 13:55:00,70366.755,69719.545,69886.36499999999,,-0.5805012275155501
2026-03-12 13:45:00,BTCUSDT,NEUTRAL,0.874717652797699,70044.275,2026-03-12 14:00:00,70142.64499999999,69684.965,69987.83499999999,,-0.0805776060927211
2026-03-12 13:50:00,BTCUSDT,NEUTRAL,0.8838968276977539,70056.125,2026-03-12 14:05:00,70364.375,69684.965,70260.265,,0.29139493513236625
2026-03-12 13:55:00,BTCUSDT,NEUTRAL,0.8936977386474609,69886.36499999999,2026-03-12 14:10:00,70364.375,69684.965,70318.095,,0.6177599879461616
2026-03-12 14:00:00,BTCUSDT,NEUTRAL,0.9080735445022583,69987.83499999999,2026-03-12 14:15:00,70417.67499999999,69972.88500000001,70403.995,,0.5946176217624156
2026-03-12 14:05:00,BTCUSDT,NEUTRAL,0.8664175271987915,70267.995,2026-03-12 14:20:00,70649.995,70100.945,70138.765,,-0.18391018556882963
2026-03-12 14:10:00,BTCUSDT,NEUTRAL,0.863828718662262,70297.765,2026-03-12 14:25:00,70649.995,69970.005,70255.265,,-0.06045711410597478
2026-03-12 14:15:00,BTCUSDT,NEUTRAL,0.8627398014068604,70403.995,2026-03-12 14:30:00,70649.995,69930.815,69958.405,,-0.6329044253809696
2026-03-12 14:20:00,BTCUSDT,NEUTRAL,0.8591803908348083,70138.765,2026-03-12 14:35:00,70259.995,69664.215,69816.565,,-0.4593750688367511
2026-03-12 14:25:00,BTCUSDT,NEUTRAL,0.8529865145683289,70259.995,2026-03-12 14:40:00,70259.995,69562.005,69580.86499999999,,-0.9665955712066372
2026-03-12 14:30:00,BTCUSDT,NEUTRAL,0.8851925730705261,69957.17499999999,2026-03-12 14:45:00,70001.67499999999,69384.445,69545.88500000001,,-0.5879168219699825
2026-03-12 14:50:00,BTCUSDT,NEUTRAL,0.8450266122817993,69465.095,2026-03-12 15:05:00,69766.735,69355.345,69724.035,,0.3727627522858816
2026-03-12 14:55:00,BTCUSDT,NEUTRAL,0.8495921492576599,69483.435,2026-03-12 15:10:00,69772.745,69430.255,69572.155,,0.12768510940773317
2026-03-12 15:00:00,BTCUSDT,NEUTRAL,0.8252999782562256,69604.125,2026-03-12 15:15:00,69772.745,69484.125,69752.515,,0.21319138772306875
2026-03-12 15:05:00,BTCUSDT,NEUTRAL,0.8976485133171082,69724.035,2026-03-12 15:20:00,69874.945,69484.125,69834.405,,0.15829548591098513
2026-03-12 15:10:00,BTCUSDT,NEUTRAL,0.837541401386261,69578.405,2026-03-12 15:25:00,70006.16500000001,69484.125,69989.88500000001,,0.5913903890151124
2026-03-12 15:30:00,BTCUSDT,NEUTRAL,0.8502615094184875,70293.905,2026-03-12 15:45:00,70565.42499999999,70144.66500000001,70377.535,,0.11897190801962797
2026-03-12 15:35:00,BTCUSDT,NEUTRAL,0.827096164226532,70237.445,2026-03-12 15:50:00,70565.42499999999,70186.435,70403.285,,0.23611337229023135
2026-03-12 15:40:00,BTCUSDT,BUY,0.7637667655944824,70532.005,2026-03-12 15:55:00,70535.495,70253.685,70355.995,False,0.004948108309115396
2026-03-12 15:45:00,BTCUSDT,BUY,0.8352228999137878,70377.535,2026-03-12 16:00:00,70499.995,70234.13500000001,70328.14499999999,False,0.17400438932678142
2026-03-12 15:50:00,BTCUSDT,BUY,0.8258265852928162,70400.965,2026-03-12 16:05:00,70457.10500000001,70234.13500000001,70442.515,False,0.07974322511064155
2026-03-12 16:10:00,BTCUSDT,BUY,0.8354465961456299,69985.64499999999,2026-03-12 16:25:00,70561.38500000001,69939.265,70280.015,True,0.822654417202299
2026-03-12 16:30:00,BTCUSDT,BUY,0.8242068290710449,70057.015,2026-03-12 16:45:00,70471.295,70042.08499999999,70374.655,True,0.5913469193627489
2026-03-12 16:35:00,BTCUSDT,BUY,0.8234796524047852,70238.875,2026-03-12 16:50:00,70519.995,70202.845,70509.595,True,0.40023420078979816
2026-03-12 16:40:00,BTCUSDT,BUY,0.8009113669395447,70432.07500000001,2026-03-12 16:55:00,70519.995,70247.515,70478.235,False,0.12482948997311763
2026-03-12 16:45:00,BTCUSDT,BUY,0.8383818864822388,70374.655,2026-03-12 17:00:00,70519.995,70247.515,70385.275,False,0.2065232149273009
2026-03-12 16:50:00,BTCUSDT,BUY,0.814536452293396,70507.255,2026-03-12 17:05:00,70523.035,70344.82500000001,70463.805,False,0.022380675577284685
2026-03-12 16:55:00,BTCUSDT,BUY,0.7856717705726624,70469.33499999999,2026-03-12 17:10:00,70547.185,70344.82500000001,70375.005,False,0.11047358400644171
2026-03-12 17:00:00,BTCUSDT,BUY,0.7953339219093323,70385.275,2026-03-12 17:15:00,70547.185,70344.82500000001,70385.995,False,0.23003390979150612
2026-03-12 17:05:00,BTCUSDT,BUY,0.8422375917434692,70463.805,2026-03-12 17:20:00,70547.185,70205.215,70205.215,False,0.11833025480245449
2026-03-12 17:10:00,BTCUSDT,BUY,0.8397568464279175,70375.005,2026-03-12 17:25:00,70499.35500000001,70205.215,70449.995,False,0.1766962574283381
2026-03-12 17:15:00,BTCUSDT,SELL,0.8454935550689697,70422.815,2026-03-12 17:30:00,70509.975,70205.215,70326.745,True,0.3089907723796696
2026-03-12 17:20:00,BTCUSDT,SELL,0.8491337299346924,70205.215,2026-03-12 17:35:00,70509.975,70205.215,70337.525,False,0.0
2026-03-12 17:25:00,BTCUSDT,SELL,0.852209210395813,70449.995,2026-03-12 17:40:00,70509.975,70277.755,70374.465,False,0.24448546802592494
2026-03-12 17:30:00,BTCUSDT,SELL,0.8526151776313782,70315.295,2026-03-12 17:45:00,70444.63500000001,70277.755,70361.83499999999,False,0.05338809998591857
2026-03-12 17:35:00,BTCUSDT,SELL,0.8464604020118713,70320.525,2026-03-12 17:50:00,70444.63500000001,70163.315,70346.775,False,0.2235620396747491
2026-03-12 17:40:00,BTCUSDT,SELL,0.8452731370925903,70381.88500000001,2026-03-12 17:55:00,70429.08499999999,70163.315,70256.10500000001,True,0.31054865893405237
2026-03-12 17:45:00,BTCUSDT,SELL,0.8446263074874878,70361.83499999999,2026-03-12 18:00:00,70417.35500000001,70076.57500000001,70201.805,True,0.40541864776548286
2026-03-12 17:50:00,BTCUSDT,BUY,0.8482877612113953,70314.435,2026-03-12 18:05:00,70417.35500000001,70076.57500000001,70116.36499999999,False,0.14637108297892576
2026-03-12 17:55:00,BTCUSDT,BUY,0.839204728603363,70256.10500000001,2026-03-12 18:10:00,70289.32500000001,70073.815,70251.375,False,0.0472841470502829
2026-03-12 18:00:00,BTCUSDT,BUY,0.813882052898407,70201.805,2026-03-12 18:15:00,70291.155,70073.815,70224.39499999999,False,0.12727592972859575
2026-03-12 18:05:00,BTCUSDT,BUY,0.8748263120651245,70143.35500000001,2026-03-12 18:20:00,70291.155,70073.815,70097.57500000001,False,0.21071133537879436
2026-03-12 18:10:00,BTCUSDT,BUY,0.8751717805862427,70251.375,2026-03-12 18:25:00,70291.155,69877.88500000001,70006.58499999999,False,0.05662522619663862
2026-03-12 18:15:00,BTCUSDT,BUY,0.8529607653617859,70224.39499999999,2026-03-12 18:30:00,70273.275,69877.88500000001,70019.85500000001,False,0.06960544124303907
2026-03-12 18:20:00,BTCUSDT,BUY,0.8537490963935852,70097.57500000001,2026-03-12 18:35:00,70097.57500000001,69877.88500000001,69951.695,False,0.0
2026-03-12 18:25:00,BTCUSDT,BUY,0.8526588082313538,70006.58499999999,2026-03-12 18:40:00,70099.995,69909.83499999999,70000.005,False,0.1334303051634407
2026-03-12 18:30:00,BTCUSDT,BUY,0.854614794254303,70019.705,2026-03-12 18:45:00,70099.995,69870.955,69919.965,False,0.11466772103651908
2026-03-12 18:35:00,BTCUSDT,BUY,0.8189568519592285,69951.695,2026-03-12 18:50:00,70099.995,69801.005,69831.285,False,0.21200344037408722
2026-03-12 18:40:00,BTCUSDT,BUY,0.7838519215583801,70009.285,2026-03-12 18:55:00,70009.285,69801.005,69915.58499999999,False,0.0
2026-03-12 18:45:00,BTCUSDT,BUY,0.8913384675979614,69919.965,2026-03-12 19:00:00,69935.545,69800.005,69808.345,False,0.022282619849712092
2026-03-12 18:50:00,BTCUSDT,BUY,0.9028493165969849,69825.685,2026-03-12 19:05:00,69933.545,69787.735,69857.41500000001,False,0.1544703786292975
2026-03-12 18:55:00,BTCUSDT,BUY,0.9139295816421509,69902.125,2026-03-12 19:10:00,69933.545,69787.735,69918.445,False,0.044948562007232615
2026-03-12 19:15:00,BTCUSDT,NEUTRAL,0.8631017804145813,69934.875,2026-03-12 19:30:00,70220.715,69934.875,70202.445,,0.3825988106792312
2026-03-12 19:20:00,BTCUSDT,NEUTRAL,0.8663405179977417,70069.965,2026-03-12 19:35:00,70347.995,70015.025,70326.125,,0.36557746246912426
2026-03-12 19:25:00,BTCUSDT,NEUTRAL,0.824610710144043,70080.005,2026-03-12 19:40:00,70347.995,70050.485,70313.14499999999,,0.3326769169037372
2026-03-12 19:30:00,BTCUSDT,NEUTRAL,0.7988640666007996,70202.445,2026-03-12 19:45:00,70347.995,70202.445,70286.875,,0.12026646650268806
2026-03-12 19:35:00,BTCUSDT,NEUTRAL,0.8267503976821899,70326.125,2026-03-12 19:50:00,70454.065,70245.705,70409.58499999999,,0.11867566995905413
2026-03-12 19:40:00,BTCUSDT,NEUTRAL,0.8204039931297302,70319.225,2026-03-12 19:55:00,70489.995,70245.705,70481.995,,0.23147297200728467
2026-03-12 19:45:00,BTCUSDT,NEUTRAL,0.8038311004638672,70279.505,2026-03-12 20:00:00,70548.64499999999,70264.83499999999,70452.485,,0.24613150021474384
2026-03-12 19:50:00,BTCUSDT,NEUTRAL,0.8225045800209045,70436.725,2026-03-12 20:05:00,70548.64499999999,70377.745,70482.725,,0.06530684099807309
2026-03-12 19:55:00,BTCUSDT,NEUTRAL,0.85182785987854,70479.995,2026-03-12 20:10:00,70555.195,70429.08499999999,70461.025,,-0.02691543891284494
2026-03-12 20:00:00,BTCUSDT,NEUTRAL,0.8558624982833862,70452.485,2026-03-12 20:15:00,70555.195,70356.005,70399.995,,-0.07450411436871991
2026-03-12 20:05:00,BTCUSDT,NEUTRAL,0.8575823307037354,70489.435,2026-03-12 20:20:00,70555.195,70291.13500000001,70300.07500000001,,-0.2686360019767303
2026-03-12 20:10:00,BTCUSDT,NEUTRAL,0.878550112247467,70461.025,2026-03-12 20:25:00,70461.025,70262.495,70363.725,,-0.1380905259325824
2026-03-12 20:15:00,BTCUSDT,NEUTRAL,0.8826431035995483,70399.995,2026-03-12 20:30:00,70422.255,70262.495,70307.035,,-0.13204546392367195
2026-03-12 20:20:00,BTCUSDT,NEUTRAL,0.8699003458023071,70300.07500000001,2026-03-12 20:35:00,70385.995,70211.245,70232.785,,-0.09571824781126924
2026-03-12 20:25:00,BTCUSDT,NEUTRAL,0.8631790280342102,70363.725,2026-03-12 20:40:00,70385.995,70191.11499999999,70208.015,,-0.2212930028931902
2026-03-12 20:30:00,BTCUSDT,NEUTRAL,0.8558492064476013,70307.035,2026-03-12 20:45:00,70307.035,70128.14499999999,70128.14499999999,,-0.2544411096272428
2026-03-12 20:35:00,BTCUSDT,NEUTRAL,0.8172450065612793,70232.785,2026-03-12 20:50:00,70245.545,70111.315,70232.565,,-0.0003132440212945623
2026-03-12 20:40:00,BTCUSDT,NEUTRAL,0.8302783966064453,70208.015,2026-03-12 20:55:00,70236.235,70111.315,70163.995,,-0.06269939407915759
2026-03-12 20:45:00,BTCUSDT,NEUTRAL,0.9115782380104065,70130.345,2026-03-12 21:00:00,70236.235,70111.315,70164.495,,0.04869504064181372
2026-03-12 20:50:00,BTCUSDT,NEUTRAL,0.8508849740028381,70232.565,2026-03-12 21:05:00,70309.685,70123.41500000001,70309.685,,0.10980661179040713
2026-03-12 20:55:00,BTCUSDT,NEUTRAL,0.9035662412643433,70163.995,2026-03-12 21:10:00,70341.515,70163.995,70334.485,,0.24298787433641036
2026-03-12 21:00:00,BTCUSDT,NEUTRAL,0.9036208391189575,70164.495,2026-03-12 21:15:00,70469.995,70164.495,70386.91500000001,,0.316997934639183
2026-03-12 21:05:00,BTCUSDT,NEUTRAL,0.8538520336151123,70309.685,2026-03-12 21:20:00,70469.995,70269.465,70321.32500000001,,0.016555329468499212
2026-03-12 21:10:00,BTCUSDT,NEUTRAL,0.8682261109352112,70334.485,2026-03-12 21:25:00,70469.995,70285.065,70304.64499999999,,-0.04242584558628823
2026-03-12 21:30:00,BTCUSDT,NEUTRAL,0.8203444480895996,70289.11499999999,2026-03-12 21:45:00,70294.405,70200.91500000001,70277.215,,-0.016930075161700614
2026-03-12 21:35:00,BTCUSDT,NEUTRAL,0.882932722568512,70224.435,2026-03-12 21:50:00,70326.745,70200.91500000001,70326.745,,0.14569002940357964
2026-03-12 21:40:00,BTCUSDT,NEUTRAL,0.9035457968711853,70208.375,2026-03-12 21:55:00,70361.995,70204.015,70318.525,,0.15689011460526495
2026-03-12 21:45:00,BTCUSDT,NEUTRAL,0.847164511680603,70277.215,2026-03-12 22:00:00,70383.475,70231.265,70231.265,,-0.06538392279773336
2026-03-12 21:50:00,BTCUSDT,NEUTRAL,0.8511155247688293,70326.745,2026-03-12 22:05:00,70383.475,70226.775,70248.775,,-0.11086820526103001
2026-03-12 22:10:00,BTCUSDT,NEUTRAL,0.8920066356658936,70206.515,2026-03-12 22:25:00,70247.235,70116.36499999999,70187.655,,-0.02686360375529334
2026-03-12 22:15:00,BTCUSDT,NEUTRAL,0.8795842528343201,70204.92499999999,2026-03-12 22:30:00,70280.695,70116.36499999999,70169.475,,-0.05049503293391816
2026-03-12 22:20:00,BTCUSDT,NEUTRAL,0.8977072834968567,70143.055,2026-03-12 22:35:00,70280.695,70097.11499999999,70097.11499999999,,-0.06549472360449987
2026-03-12 22:25:00,BTCUSDT,NEUTRAL,0.9160739183425903,70172.125,2026-03-12 22:40:00,70280.695,70092.63500000001,70092.63500000001,,-0.1132785988738273
2026-03-12 22:30:00,BTCUSDT,NEUTRAL,0.9002389311790466,70169.475,2026-03-12 22:45:00,70224.39499999999,70037.255,70059.16500000001,,-0.15720510948670724
2026-03-12 22:35:00,BTCUSDT,NEUTRAL,0.905685544013977,70097.11499999999,2026-03-12 22:50:00,70138.265,70020.725,70033.055,,-0.09138749861531059
2026-03-12 22:40:00,BTCUSDT,NEUTRAL,0.9076539874076843,70092.63500000001,2026-03-12 22:55:00,70120.265,70013.17499999999,70037.545,,-0.07859598943599574
2026-03-12 22:45:00,BTCUSDT,NEUTRAL,0.9084258675575256,70059.16500000001,2026-03-12 23:00:00,70193.995,70013.17499999999,70193.995,,0.19245162285332287
2026-03-12 22:50:00,BTCUSDT,NEUTRAL,0.9075746536254883,70033.055,2026-03-12 23:05:00,70439.61499999999,70013.17499999999,70439.61499999999,,0.5805258673921875
2026-03-12 22:55:00,BTCUSDT,NEUTRAL,0.9220863580703735,70037.545,2026-03-12 23:10:00,70472.85500000001,70037.545,70435.66500000001,,0.5684379713766522
2026-03-12 23:15:00,BTCUSDT,NEUTRAL,0.8428150415420532,70470.005,2026-03-12 23:30:00,70731.725,70461.695,70537.445,,0.09570029120900775
2026-03-12 23:20:00,BTCUSDT,NEUTRAL,0.8673288822174072,70594.725,2026-03-12 23:35:00,70731.725,70469.64499999999,70535.955,,-0.08324984621726916
2026-03-12 23:25:00,BTCUSDT,BUY,0.824832558631897,70540.565,2026-03-12 23:40:00,70566.545,70466.92499999999,70547.785,False,0.03682987228695422
2026-03-12 23:30:00,BTCUSDT,NEUTRAL,0.8293352127075195,70537.445,2026-03-12 23:45:00,70657.785,70466.92499999999,70640.225,,0.1457098424815342
2026-03-12 23:35:00,BTCUSDT,BUY,0.8302026391029358,70535.955,2026-03-12 23:50:00,70665.625,70466.92499999999,70574.60500000001,False,0.18383532199996191
2026-03-12 23:40:00,BTCUSDT,BUY,0.8223109841346741,70560.295,2026-03-12 23:55:00,70665.625,70483.235,70520.805,False,0.14927658678298006
2026-03-12 23:45:00,BTCUSDT,BUY,0.8015121817588806,70633.785,2026-03-13 00:00:00,70665.625,70483.235,70506.995,False,0.04507757866861659
2026-03-13 00:05:00,BTCUSDT,SELL,0.845607578754425,70480.545,2026-03-13 00:20:00,71668.035,70480.545,71270.185,False,0.0
2026-03-13 00:10:00,BTCUSDT,SELL,0.8514005541801453,70633.785,2026-03-13 00:25:00,71754.995,70633.785,71539.41500000001,False,0.0
2026-03-13 00:30:00,BTCUSDT,NEUTRAL,0.938726544380188,71509.305,2026-03-13 00:45:00,71998.995,71488.63500000001,71524.36499999999,,0.02106019629193386
2026-03-13 00:35:00,BTCUSDT,NEUTRAL,0.521630048751831,71935.685,2026-03-13 00:50:00,71970.435,71297.565,71318.88500000001,,-0.8574325802277247
2026-03-13 00:40:00,BTCUSDT,NEUTRAL,0.27339035272598267,71740.055,2026-03-13 00:55:00,71757.005,71244.405,71283.965,,-0.6357536246661597
2026-03-13 00:45:00,BTCUSDT,NEUTRAL,0.40205681324005127,71524.36499999999,2026-03-13 01:00:00,71554.905,71244.405,71481.785,,-0.059532160823779705
2026-03-13 00:50:00,BTCUSDT,NEUTRAL,0.29949435591697693,71336.60500000001,2026-03-13 01:05:00,71648.66500000001,71244.405,71539.765,,0.2847906765397497
2026-03-13 00:55:00,BTCUSDT,NEUTRAL,0.19394245743751526,71283.965,2026-03-13 01:10:00,71693.995,71250.255,71659.995,,0.5275099385955858
2026-03-13 01:00:00,BTCUSDT,NEUTRAL,0.40663942694664,71471.405,2026-03-13 01:15:00,71693.995,71471.405,71612.38500000001,,0.1972537128660203
2026-03-13 01:40:00,BTCUSDT,NEUTRAL,0.03873981907963753,71373.315,2026-03-13 01:55:00,71706.625,71372.83499999999,71644.83499999999,,0.38042229087998713
2026-03-13 01:45:00,BTCUSDT,NEUTRAL,0.09359999746084213,71624.14499999999,2026-03-13 02:00:00,71705.995,71561.685,71689.08499999999,,0.09066774898325465
2026-03-13 01:50:00,BTCUSDT,NEUTRAL,0.11102472245693207,71609.155,2026-03-13 02:05:00,71705.995,71535.565,71549.82500000001,,-0.08285253470731109
2026-03-13 01:55:00,BTCUSDT,NEUTRAL,0.22744928300380707,71644.83499999999,2026-03-13 02:10:00,71696.67499999999,71502.545,71568.67499999999,,-0.10630215004334019
2026-03-13 02:15:00,BTCUSDT,NEUTRAL,0.06200391426682472,71546.225,2026-03-13 02:30:00,71609.125,71426.155,71454.565,,-0.12811297870712743
2026-03-13 02:20:00,BTCUSDT,NEUTRAL,0.05498722195625305,71599.995,2026-03-13 02:35:00,71603.92499999999,71352.185,71355.08499999999,,-0.34205309651209265
2026-03-13 02:25:00,BTCUSDT,NEUTRAL,0.07219803333282471,71467.775,2026-03-13 02:40:00,71485.545,71217.11499999999,71238.055,,-0.32143158227606944
2026-03-13 02:30:00,BTCUSDT,NEUTRAL,0.040419433265924454,71454.565,2026-03-13 02:45:00,71485.545,71163.63500000001,71211.995,,-0.3394744618485985
2026-03-13 02:35:00,BTCUSDT,NEUTRAL,0.027769694104790688,71355.08499999999,2026-03-13 02:50:00,71412.85500000001,71110.61499999999,71233.595,,-0.17026116639058128
2026-03-13 02:40:00,BTCUSDT,NEUTRAL,0.03467770665884018,71238.055,2026-03-13 02:55:00,71301.57500000001,71045.525,71117.695,,-0.16895464088679293
2026-03-13 02:45:00,BTCUSDT,NEUTRAL,0.04583245888352394,71179.92499999999,2026-03-13 03:00:00,71274.435,71045.525,71158.67499999999,,-0.02985392299865447
2026-03-13 02:50:00,BTCUSDT,NEUTRAL,0.0407257080078125,71248.975,2026-03-13 03:05:00,71262.985,71045.525,71122.38500000001,,-0.17767273143227183
2026-03-13 02:55:00,BTCUSDT,NEUTRAL,0.05457885190844536,71117.695,2026-03-13 03:10:00,71270.025,71099.045,71234.845,,0.16472693610218128
2026-03-13 03:00:00,BTCUSDT,NEUTRAL,0.07011959701776505,71143.805,2026-03-13 03:15:00,71270.025,71099.565,71174.495,,0.0431379794769233
2026-03-13 03:05:00,BTCUSDT,NEUTRAL,0.04395261034369469,71122.38500000001,2026-03-13 03:20:00,71270.025,71099.565,71230.42499999999,,0.15190716678016217
2026-03-13 03:10:00,BTCUSDT,NEUTRAL,0.0629466101527214,71234.845,2026-03-13 03:25:00,71278.035,71153.91500000001,71272.795,,0.05327448947210749
2026-03-13 03:15:00,BTCUSDT,NEUTRAL,0.09235498309135437,71174.495,2026-03-13 03:30:00,71287.815,71070.815,71093.815,,-0.11335521242545243
2026-03-13 03:20:00,BTCUSDT,NEUTRAL,0.07236582040786743,71230.42499999999,2026-03-13 03:35:00,71287.815,70964.435,71145.595,,-0.11909236818394275
2026-03-13 03:25:00,BTCUSDT,NEUTRAL,0.07641168683767319,71271.82500000001,2026-03-13 03:40:00,71287.815,70964.435,71049.995,,-0.31124501161576296
2026-03-13 03:30:00,BTCUSDT,NEUTRAL,0.15039950609207153,71093.815,2026-03-13 03:45:00,71193.305,70964.435,71152.375,,0.08237003458036071
2026-03-13 03:35:00,BTCUSDT,NEUTRAL,0.07977385818958282,71134.975,2026-03-13 03:50:00,71241.995,71029.035,71148.36499999999,,0.018823370641495082
2026-03-13 03:40:00,BTCUSDT,NEUTRAL,0.09673918038606644,71049.995,2026-03-13 03:55:00,71489.845,71043.005,71489.845,,0.6190711202724305
2026-03-13 03:45:00,BTCUSDT,NEUTRAL,0.05823776125907898,71152.375,2026-03-13 04:00:00,71508.86499999999,71135.625,71405.755,,0.3561089844154951
2026-03-13 03:50:00,BTCUSDT,NEUTRAL,0.05122257024049759,71148.36499999999,2026-03-13 04:05:00,71508.86499999999,71148.36499999999,71380.005,,0.325573187802719
2026-03-13 03:55:00,BTCUSDT,NEUTRAL,0.17384915053844452,71489.845,2026-03-13 04:10:00,71508.86499999999,71345.14499999999,71465.42499999999,,-0.03415869764441762
2026-03-13 04:00:00,BTCUSDT,NEUTRAL,0.057593148201704025,71405.755,2026-03-13 04:15:00,71493.765,71345.14499999999,71371.10500000001,,-0.04852550050061676
2026-03-13 04:05:00,BTCUSDT,NEUTRAL,0.5160889625549316,71380.005,2026-03-13 04:20:00,71493.765,71307.58499999999,71327.375,,-0.07373213268898574
2026-03-13 04:10:00,BTCUSDT,NEUTRAL,0.9606625437736511,71465.42499999999,2026-03-13 04:25:00,71493.765,71239.17499999999,71336.875,,-0.17987719236258426
2026-03-13 04:15:00,BTCUSDT,NEUTRAL,0.9625913500785828,71371.10500000001,2026-03-13 04:30:00,71371.10500000001,71239.17499999999,71319.515,,-0.07228415477105343
2026-03-13 04:20:00,BTCUSDT,NEUTRAL,0.9452077150344849,71329.995,2026-03-13 04:35:00,71367.295,71239.17499999999,71283.58499999999,,-0.06506379258824216
2026-03-13 04:25:00,BTCUSDT,NEUTRAL,0.9783878922462463,71336.875,2026-03-13 04:40:00,71380.025,71244.92499999999,71380.025,,0.060487651021991336
2026-03-13 04:30:00,BTCUSDT,NEUTRAL,0.9718860387802124,71319.515,2026-03-13 04:45:00,71417.14499999999,71271.435,71400.985,,0.11423240889958541
2026-03-13 04:35:00,BTCUSDT,NEUTRAL,0.985224723815918,71286.495,2026-03-13 04:50:00,71436.33499999999,71274.265,71353.495,,0.0939869466159053
2026-03-13 04:40:00,BTCUSDT,NEUTRAL,0.9823739528656006,71380.025,2026-03-13 04:55:00,71436.33499999999,71308.82500000001,71308.82500000001,,-0.09974779358788757
2026-03-13 04:45:00,BTCUSDT,NEUTRAL,0.9824814200401306,71400.985,2026-03-13 05:00:00,71436.33499999999,71308.82500000001,71383.745,,-0.02414532516603971
2026-03-13 04:50:00,BTCUSDT,NEUTRAL,0.9832630157470703,71353.495,2026-03-13 05:05:00,71417.82500000001,71308.82500000001,71309.025,,-0.06232350636783968
2026-03-13 04:55:00,BTCUSDT,NEUTRAL,0.9717308878898621,71308.82500000001,2026-03-13 05:10:00,71436.66500000001,71271.82500000001,71384.995,,0.10681707348281745
2026-03-13 05:00:00,BTCUSDT,NEUTRAL,0.9526468515396118,71394.625,2026-03-13 05:15:00,71436.66500000001,71242.025,71271.82500000001,,-0.1720017438287383
2026-03-13 05:05:00,BTCUSDT,NEUTRAL,0.9711668491363525,71309.025,2026-03-13 05:20:00,71436.66500000001,71242.025,71394.005,,0.11917145129948206
2026-03-13 05:10:00,BTCUSDT,NEUTRAL,0.9425556063652039,71384.995,2026-03-13 05:25:00,71438.61499999999,71242.025,71346.695,,-0.05365273192214745
2026-03-13 05:15:00,BTCUSDT,NEUTRAL,0.9766556620597839,71271.82500000001,2026-03-13 05:30:00,71449.995,71259.345,71413.795,,0.1991951237392709
2026-03-13 05:20:00,BTCUSDT,NEUTRAL,0.9629381895065308,71394.005,2026-03-13 05:35:00,71610.515,71332.755,71566.045,,0.24097261387702454
2026-03-13 05:25:00,BTCUSDT,NEUTRAL,0.9517607688903809,71346.695,2026-03-13 05:40:00,71621.505,71338.14499999999,71534.005,,0.26253493592099486
2026-03-13 05:30:00,BTCUSDT,NEUTRAL,0.9416245222091675,71413.795,2026-03-13 05:45:00,71622.035,71413.795,71600.005,,0.26074794092654846
2026-03-13 05:35:01,BTCUSDT,NEUTRAL,0.9639303684234619,71566.045,2026-03-13 05:50:01,71623.995,71499.765,71531.255,,-0.048612439041438714
2026-03-13 05:40:00,BTCUSDT,NEUTRAL,0.9539893865585327,71549.17499999999,2026-03-13 05:55:00,71623.995,71476.045,71523.955,,-0.035248484695996306
2026-03-13 05:45:00,BTCUSDT,NEUTRAL,0.9739858508110046,71600.005,2026-03-13 06:00:00,71636.345,71476.045,71561.14499999999,,-0.054273739226715315
2026-03-13 05:50:00,BTCUSDT,NEUTRAL,0.9727432727813721,71534.375,2026-03-13 06:05:00,71636.345,71450.495,71501.045,,-0.04659298414224175
2026-03-13 05:55:00,BTCUSDT,NEUTRAL,0.9299721121788025,71523.955,2026-03-13 06:10:00,71636.345,71450.495,71539.16500000001,,0.02126560255232866
2026-03-13 06:00:00,BTCUSDT,NEUTRAL,0.9232986569404602,71546.285,2026-03-13 06:15:00,71588.32500000001,71450.495,71466.215,,-0.11191356755980689
2026-03-13 06:05:00,BTCUSDT,NEUTRAL,0.937251627445221,71501.045,2026-03-13 06:20:00,71556.16500000001,71446.535,71470.695,,-0.0424469320693023
2026-03-13 06:10:00,BTCUSDT,NEUTRAL,0.94463711977005,71546.095,2026-03-13 06:25:00,71556.16500000001,71441.725,71473.57500000001,,-0.10136122733181946
2026-03-13 06:15:00,BTCUSDT,NEUTRAL,0.9754335880279541,71466.215,2026-03-13 06:30:00,71500.32500000001,71226.245,71247.92499999999,,-0.30544502741611285
2026-03-13 06:20:00,BTCUSDT,NEUTRAL,0.9719351530075073,71470.695,2026-03-13 06:35:00,71498.455,71200.535,71249.67499999999,,-0.30924562857548626
2026-03-13 06:25:00,BTCUSDT,NEUTRAL,0.9896295666694641,71473.57500000001,2026-03-13 06:40:00,71473.57500000001,71180.195,71292.995,,-0.25265281609324325
2026-03-13 06:30:00,BTCUSDT,NEUTRAL,0.9724083542823792,71241.60500000001,2026-03-13 06:45:00,71339.83499999999,71180.195,71253.005,,0.016001885415122496
2026-03-13 06:35:01,BTCUSDT,NEUTRAL,0.9753387570381165,71249.67499999999,2026-03-13 06:50:01,71329.815,71180.195,71245.725,,-0.0055438849369945035
2026-03-13 06:40:00,BTCUSDT,NEUTRAL,0.9760565757751465,71293.16500000001,2026-03-13 06:55:00,71350.905,71198.155,71350.815,,0.08086329173349811
2026-03-13 06:45:00,BTCUSDT,NEUTRAL,0.9816398024559021,71253.005,2026-03-13 07:00:00,71382.995,71198.155,71322.785,,0.0979327117501905
2026-03-13 06:50:00,BTCUSDT,NEUTRAL,0.9785135984420776,71254.285,2026-03-13 07:05:00,71471.725,71228.265,71419.595,,0.23200008252134965
2026-03-13 06:55:00,BTCUSDT,NEUTRAL,0.9880598187446594,71350.815,2026-03-13 07:10:00,71488.42499999999,71236.08499999999,71467.295,,0.16324971200398472
2026-03-13 07:00:00,BTCUSDT,NEUTRAL,0.9779515266418457,71322.785,2026-03-13 07:15:00,71499.995,71236.08499999999,71423.42499999999,,0.14110497788327372
2026-03-13 07:05:00,BTCUSDT,NEUTRAL,0.9818195104598999,71419.815,2026-03-13 07:20:00,71499.995,71368.565,71472.38500000001,,0.0736070234850188
2026-03-13 07:10:00,BTCUSDT,NEUTRAL,0.9796154499053955,71471.705,2026-03-13 07:25:00,71506.225,71402.83499999999,71506.225,,0.048298833783249014
2026-03-13 07:15:00,BTCUSDT,NEUTRAL,0.9770711064338684,71423.42499999999,2026-03-13 07:30:00,71584.565,71402.83499999999,71512.285,,0.1244129639540741
2026-03-13 07:20:00,BTCUSDT,NEUTRAL,0.9703999757766724,71472.38500000001,2026-03-13 07:35:00,71588.95999999999,71382.055,71416.715,,-0.07789022291618336
2026-03-13 07:25:00,BTCUSDT,NEUTRAL,0.9851342439651489,71506.225,2026-03-13 07:40:00,71588.95999999999,71382.055,71469.32500000001,,-0.051603898821388175
2026-03-13 07:30:00,BTCUSDT,NEUTRAL,0.9755221009254456,71512.285,2026-03-13 07:45:00,71588.95999999999,71382.055,71575.39499999999,,0.08825057121302449
2026-03-13 07:35:00,BTCUSDT,NEUTRAL,0.9448633193969727,71416.715,2026-03-13 07:50:00,71611.995,71406.765,71611.995,,0.2734373878720113
2026-03-13 07:40:00,BTCUSDT,NEUTRAL,0.9640970230102539,71469.32500000001,2026-03-13 07:55:00,71672.755,71469.32500000001,71586.695,,0.16422430182458742
2026-03-13 07:45:00,BTCUSDT,NEUTRAL,0.9206421971321106,71575.39499999999,2026-03-13 08:00:00,71672.755,71526.215,71612.225,,0.051456230175210775
2026-03-13 07:50:00,BTCUSDT,NEUTRAL,0.928083062171936,71611.995,2026-03-13 08:05:00,71672.755,71471.725,71513.705,,-0.13725354251057187
2026-03-13 07:55:00,BTCUSDT,NEUTRAL,0.9439575672149658,71598.38500000001,2026-03-13 08:10:00,71663.785,71423.525,71431.255,,-0.2334270528588105
2026-03-13 08:00:00,BTCUSDT,NEUTRAL,0.9191715717315674,71612.225,2026-03-13 08:15:00,71650.67499999999,71385.285,71458.095,,-0.21522861494668633
2026-03-13 08:05:00,BTCUSDT,NEUTRAL,0.9412421584129333,71524.705,2026-03-13 08:20:00,71592.705,71385.285,71537.775,,0.018273406370557462
2026-03-13 08:10:00,BTCUSDT,NEUTRAL,0.9387009143829346,71431.255,2026-03-13 08:25:00,71598.205,71385.285,71545.41500000001,,0.15981799563790877
2026-03-13 08:15:00,BTCUSDT,NEUTRAL,0.9731848239898682,71458.095,2026-03-13 08:30:00,71598.205,71438.005,71585.67499999999,,0.1785382048037905
2026-03-13 08:20:00,BTCUSDT,NEUTRAL,0.9153123497962952,71537.775,2026-03-13 08:35:00,71705.875,71500.375,71705.875,,0.23498074968085858
2026-03-13 08:25:00,BTCUSDT,NEUTRAL,0.9036386609077454,71570.57500000001,2026-03-13 08:40:00,72136.39499999999,71505.505,72004.845,,0.6067717075068763
2026-03-13 08:30:00,BTCUSDT,NEUTRAL,0.9389879107475281,71581.265,2026-03-13 08:45:00,72136.39499999999,71581.265,71934.005,,0.4927825737642458
2026-03-13 08:35:00,BTCUSDT,NEUTRAL,0.9539647698402405,71705.875,2026-03-13 08:50:00,72136.39499999999,71695.875,71874.445,,0.23508533993903147
2026-03-13 08:40:00,BTCUSDT,NEUTRAL,0.061813514679670334,72025.025,2026-03-13 08:55:00,72078.795,71718.60500000001,71879.38500000001,,-0.20220749663049042
2026-03-13 08:45:00,BTCUSDT,NEUTRAL,0.10716557502746582,71934.005,2026-03-13 09:00:00,71950.055,71718.60500000001,71823.39499999999,,-0.15376594143481254
2026-03-13 08:50:00,BTCUSDT,NEUTRAL,0.15003164112567902,71874.445,2026-03-13 09:05:00,71975.58499999999,71733.60500000001,71877.38500000001,,0.004090466368126151
2026-03-13 08:55:00,BTCUSDT,NEUTRAL,0.12757864594459534,71879.38500000001,2026-03-13 09:10:00,71975.58499999999,71733.60500000001,71840.155,,-0.054577539860713155
2026-03-13 09:00:00,BTCUSDT,NEUTRAL,0.9427623748779297,71823.39499999999,2026-03-13 09:15:00,71975.58499999999,71739.35500000001,71759.285,,-0.08926060930423302
2026-03-13 09:05:00,BTCUSDT,NEUTRAL,0.895263671875,71877.38500000001,2026-03-13 09:20:00,71923.255,71589.815,71788.85500000001,,-0.1231680868746113
2026-03-13 09:10:00,BTCUSDT,NEUTRAL,0.8995953798294067,71840.155,2026-03-13 09:25:00,71854.82500000001,71589.815,71713.815,,-0.17586264951682873
2026-03-13 09:15:00,BTCUSDT,NEUTRAL,0.9628318548202515,71759.285,2026-03-13 09:30:00,71828.775,71589.815,71811.345,,0.07254810300854819
2026-03-13 09:20:00,BTCUSDT,NEUTRAL,0.9583669304847717,71789.755,2026-03-13 09:35:00,71936.10500000001,71689.045,71904.815,,0.16027356549691202
2026-03-13 09:25:00,BTCUSDT,NEUTRAL,0.9842116236686707,71713.815,2026-03-13 09:40:00,71936.10500000001,71713.815,71826.82500000001,,0.15758469968444616
2026-03-13 09:30:00,BTCUSDT,NEUTRAL,0.9497683644294739,71811.345,2026-03-13 09:45:00,71936.10500000001,71788.995,71866.055,,0.07618573360517318
2026-03-13 09:35:00,BTCUSDT,NEUTRAL,0.950641930103302,71904.815,2026-03-13 09:50:00,71997.61499999999,71798.295,71997.61499999999,,0.12905950735008268
2026-03-13 09:40:01,BTCUSDT,NEUTRAL,0.9395540356636047,71826.82500000001,2026-03-13 09:55:01,72100.36499999999,71798.295,72001.445,,0.24311251402243567
2026-03-13 09:45:00,BTCUSDT,NEUTRAL,0.9386147260665894,71866.055,2026-03-13 10:00:00,72100.36499999999,71850.805,72006.565,,0.19551650636730977
2026-03-13 09:50:01,BTCUSDT,NEUTRAL,0.9761393666267395,71997.61499999999,2026-03-13 10:05:01,72256.36499999999,71972.735,72175.14499999999,,0.24657761232785122
2026-03-13 09:55:00,BTCUSDT,NEUTRAL,0.976538896560669,72001.445,2026-03-13 10:10:00,72256.36499999999,71972.735,72134.975,,0.185454611362312
2026-03-13 10:00:00,BTCUSDT,NEUTRAL,0.9816902279853821,72006.565,2026-03-13 10:15:00,72256.36499999999,71995.535,72253.755,,0.34328814324083134
2026-03-13 10:05:00,BTCUSDT,NEUTRAL,0.8575257062911987,72172.225,2026-03-13 10:20:00,72477.625,72129.92499999999,72477.625,,0.4231544752846322
2026-03-13 10:10:00,BTCUSDT,NEUTRAL,0.9327206611633301,72134.975,2026-03-13 10:25:00,72483.245,72134.975,72315.39499999999,,0.25011445557440576
2026-03-13 10:15:00,BTCUSDT,NEUTRAL,0.8693220019340515,72253.755,2026-03-13 10:30:00,72483.245,72250.545,72359.995,,0.1470373408274638
2026-03-13 10:20:00,BTCUSDT,NEUTRAL,0.035737328231334686,72477.625,2026-03-13 10:35:00,72483.245,72266.82500000001,72417.995,,-0.08227366721799266
2026-03-13 10:25:00,BTCUSDT,NEUTRAL,0.17253804206848145,72299.57500000001,2026-03-13 10:40:00,72544.945,72266.82500000001,72474.64499999999,,0.2421452684887537
2026-03-13 10:30:00,BTCUSDT,NEUTRAL,0.20468786358833313,72347.515,2026-03-13 10:45:00,72565.995,72325.595,72493.525,,0.2018175745220755
2026-03-13 10:35:00,BTCUSDT,NEUTRAL,0.8168418407440186,72417.995,2026-03-13 10:50:00,72575.975,72386.845,72575.975,,0.2181501987178884
2026-03-13 10:40:00,BTCUSDT,NEUTRAL,0.41373875737190247,72474.64499999999,2026-03-13 10:55:00,72575.975,72443.64499999999,72447.545,,-0.03739238736525204
2026-03-13 10:45:00,BTCUSDT,NEUTRAL,0.8975152969360352,72493.525,2026-03-13 11:00:00,72575.975,72358.35500000001,72469.505,,-0.03313399369114624
2026-03-13 10:50:00,BTCUSDT,NEUTRAL,0.7061386108398438,72575.975,2026-03-13 11:05:00,72575.975,72358.35500000001,72394.995,,-0.2493662675561857
2026-03-13 10:55:00,BTCUSDT,NEUTRAL,0.9521365761756897,72447.545,2026-03-13 11:10:00,72526.11499999999,72307.315,72339.995,,-0.14845223533799926
2026-03-13 11:00:00,BTCUSDT,NEUTRAL,0.9613893032073975,72458.11499999999,2026-03-13 11:15:00,72526.11499999999,72238.495,72300.725,,-0.21721514560513322
2026-03-13 11:05:00,BTCUSDT,NEUTRAL,0.9842415452003479,72394.995,2026-03-13 11:20:00,72444.375,72238.495,72403.525,,0.011782582483773688
2026-03-13 11:10:00,BTCUSDT,NEUTRAL,0.988009512424469,72311.765,2026-03-13 11:25:00,72443.625,72238.495,72353.245,,0.05736272652174363
2026-03-13 11:15:00,BTCUSDT,NEUTRAL,0.9593043327331543,72298.435,2026-03-13 11:30:00,72489.995,72294.57500000001,72326.505,,0.03882518342202979
2026-03-13 11:20:00,BTCUSDT,NEUTRAL,0.96617192029953,72403.525,2026-03-13 11:35:00,72489.995,72283.82500000001,72287.565,,-0.16015794811094056
2026-03-13 11:25:00,BTCUSDT,NEUTRAL,0.9587576389312744,72353.245,2026-03-13 11:40:00,72489.995,72256.505,72269.055,,-0.11635967398559985
2026-03-13 11:30:00,BTCUSDT,NEUTRAL,0.9685757756233215,72326.505,2026-03-13 11:45:00,72364.435,72256.505,72316.015,,-0.014503673307600357
2026-03-13 11:35:00,BTCUSDT,NEUTRAL,0.971185028553009,72287.565,2026-03-13 11:50:00,72354.995,72236.715,72236.715,,-0.0703440488001025
2026-03-13 11:40:00,BTCUSDT,NEUTRAL,0.9863007068634033,72269.055,2026-03-13 11:55:00,72352.61499999999,72210.015,72286.195,,0.023716928358913744
2026-03-13 11:45:00,BTCUSDT,NEUTRAL,0.9388632774353027,72316.015,2026-03-13 12:00:00,72352.61499999999,72210.015,72219.065,,-0.1340643562840086
2026-03-13 11:50:00,BTCUSDT,NEUTRAL,0.975690484046936,72246.515,2026-03-13 12:05:00,72404.625,72210.015,72371.005,,0.1723128098289658
2026-03-13 11:55:00,BTCUSDT,NEUTRAL,0.9782955050468445,72286.195,2026-03-13 12:10:00,72444.995,72219.065,72412.795,,0.17513717522410918
2026-03-13 12:00:00,BTCUSDT,NEUTRAL,0.9745295643806458,72219.07500000001,2026-03-13 12:15:00,72444.995,72219.065,72419.995,,0.27820904657112216
2026-03-13 12:05:00,BTCUSDT,NEUTRAL,0.9651516675949097,72392.295,2026-03-13 12:20:00,72444.995,72340.785,72365.36499999999,,-0.037200091529088236
2026-03-13 12:10:00,BTCUSDT,NEUTRAL,0.9814695119857788,72402.465,2026-03-13 12:25:00,72506.525,72340.785,72417.765,,0.021131877208880816
2026-03-13 12:15:00,BTCUSDT,NEUTRAL,0.9810417294502258,72419.995,2026-03-13 12:30:00,72506.525,72340.785,72412.14499999999,,-0.01083954783482907
2026-03-13 12:20:00,BTCUSDT,NEUTRAL,0.9318931698799133,72368.435,2026-03-13 12:35:00,72609.685,72347.545,72369.89499999999,,0.0020174541566248473
2026-03-13 12:25:00,BTCUSDT,NEUTRAL,0.9872139692306519,72438.60500000001,2026-03-13 12:40:00,72609.685,72330.67499999999,72422.455,,-0.02229474187142164
2026-03-13 12:30:00,BTCUSDT,NEUTRAL,0.9737828969955444,72412.14499999999,2026-03-13 12:45:00,72609.685,72330.67499999999,72342.08499999999,,-0.0967517258327283
2026-03-13 12:35:00,BTCUSDT,NEUTRAL,0.3312474489212036,72392.215,2026-03-13 12:50:00,72873.685,72330.67499999999,72732.095,,0.4694979978164844
2026-03-13 12:40:00,BTCUSDT,NEUTRAL,0.9028011560440063,72422.455,2026-03-13 12:55:00,72873.685,72339.475,72683.485,,0.3604268869372059
2026-03-13 12:45:00,BTCUSDT,NEUTRAL,0.9620805382728577,72342.08499999999,2026-03-13 13:00:00,72873.685,72342.08499999999,72786.08499999999,,0.6137506266234932
2026-03-13 12:50:00,BTCUSDT,NEUTRAL,0.14766085147857666,72732.095,2026-03-13 13:05:00,72857.16500000001,72649.35500000001,72819.755,,0.12052450847181494
2026-03-13 12:55:00,BTCUSDT,NEUTRAL,0.07034322619438171,72695.815,2026-03-13 13:10:00,72905.10500000001,72680.435,72722.295,,0.03642575573297572
2026-03-13 13:00:00,BTCUSDT,NEUTRAL,0.13453006744384766,72786.08499999999,2026-03-13 13:15:00,72905.10500000001,72684.88500000001,72793.42499999999,,0.010084345105244372
2026-03-13 13:05:00,BTCUSDT,NEUTRAL,0.056521736085414886,72819.755,2026-03-13 13:20:00,73254.34,72684.88500000001,73203.11499999999,,0.5264505490302542
2026-03-13 13:10:00,BTCUSDT,NEUTRAL,0.11416588723659515,72722.295,2026-03-13 13:25:00,73254.34,72685.375,73152.005,,0.5908916928433108
2026-03-13 13:15:00,BTCUSDT,NEUTRAL,0.0873103067278862,72793.435,2026-03-13 13:30:00,73254.34,72709.535,73068.32500000001,,0.37763020799885866
2026-03-13 13:20:00,BTCUSDT,NEUTRAL,0.07260152697563171,73235.375,2026-03-13 13:35:00,73320.725,73000.005,73068.985,,-0.22719894586461722
2026-03-13 13:25:00,BTCUSDT,NEUTRAL,0.27127861976623535,73152.005,2026-03-13 13:40:00,73320.725,72764.67499999999,72909.375,,-0.3316792205490535
2026-03-13 13:30:00,BTCUSDT,NEUTRAL,0.07195936888456345,73032.775,2026-03-13 13:45:00,73320.725,72764.67499999999,73272.13500000001,,0.32774326321300973
2026-03-13 13:35:00,BTCUSDT,NEUTRAL,0.1649359166622162,73068.985,2026-03-13 13:50:00,73424.185,72764.67499999999,73331.16500000001,,0.35881160796199313
2026-03-13 13:40:00,BTCUSDT,NEUTRAL,0.0806230679154396,72965.495,2026-03-13 13:55:00,73484.565,72909.375,73449.995,,0.6640124897391569
2026-03-13 13:45:00,BTCUSDT,NEUTRAL,0.5655238032341003,73272.13500000001,2026-03-13 14:00:00,73583.265,73239.655,73440.435,,0.22969168292965442
2026-03-13 13:50:00,BTCUSDT,NEUTRAL,0.24189651012420654,73310.205,2026-03-13 14:05:00,73586.785,73245.41500000001,73387.195,,0.10501948534996626
2026-03-13 13:55:00,BTCUSDT,NEUTRAL,0.16463406383991241,73449.995,2026-03-13 14:10:00,73586.785,73269.995,73417.005,,-0.044914911158252205
2026-03-13 14:00:00,BTCUSDT,NEUTRAL,0.1381838470697403,73381.85500000001,2026-03-13 14:15:00,73586.785,73269.995,73490.265,,0.147734068592282
2026-03-13 14:05:00,BTCUSDT,NEUTRAL,0.25038570165634155,73387.195,2026-03-13 14:20:00,73586.195,73269.995,73541.10500000001,,0.20972323577703642
2026-03-13 14:10:00,BTCUSDT,NEUTRAL,0.24061083793640137,73417.005,2026-03-13 14:25:00,73833.975,73339.545,73813.695,,0.5403244112178129
2026-03-13 14:15:00,BTCUSDT,NEUTRAL,0.12495219707489014,73490.265,2026-03-13 14:30:00,73885.86,73339.545,73745.045,,0.34668537390632465
2026-03-13 14:20:00,BTCUSDT,NEUTRAL,0.1539655178785324,73541.10500000001,2026-03-13 14:35:00,73911.465,73541.10500000001,73759.045,,0.2963512718499236
2026-03-13 14:25:00,BTCUSDT,NEUTRAL,0.060923680663108826,73813.695,2026-03-13 14:40:00,73911.465,73418.005,73504.935,,-0.41829636085825167
2026-03-13 14:30:00,BTCUSDT,NEUTRAL,0.20668797194957733,73745.045,2026-03-13 14:45:00,73911.465,72940.005,72940.005,,-1.0916530052968216
2026-03-13 14:35:00,BTCUSDT,NEUTRAL,0.0966903418302536,73759.045,2026-03-13 14:50:00,73759.045,72729.13500000001,72762.005,,-1.3517528595984312
2026-03-13 14:40:00,BTCUSDT,NEUTRAL,0.11299120634794235,73504.495,2026-03-13 14:55:00,73593.205,72475.195,72590.305,,-1.243719856860458
2026-03-13 14:45:00,BTCUSDT,NEUTRAL,0.08643454313278198,72940.005,2026-03-13 15:00:00,72983.555,72356.015,72447.17499999999,,-0.6756648837630547
2026-03-13 14:50:00,BTCUSDT,NEUTRAL,0.09812965244054794,72762.005,2026-03-13 15:05:00,72791.13500000001,72203.005,72415.995,,-0.4755366485571821
2026-03-13 14:55:00,BTCUSDT,NEUTRAL,0.08238767832517624,72590.305,2026-03-13 15:10:00,72714.685,72203.005,72587.035,,-0.004504733793293089
2026-03-13 15:00:00,BTCUSDT,NEUTRAL,0.0609813928604126,72420.685,2026-03-13 15:15:00,72689.995,72203.005,72654.41500000001,,0.3227392836729044
2026-03-13 15:05:00,BTCUSDT,NEUTRAL,0.041350919753313065,72395.82500000001,2026-03-13 15:20:00,72808.265,72323.275,72664.005,,0.37043572609331127
2026-03-13 15:10:00,BTCUSDT,NEUTRAL,0.16518306732177734,72595.08499999999,2026-03-13 15:25:00,72808.265,72532.155,72558.41500000001,,-0.050513061593610235
2026-03-13 15:15:00,BTCUSDT,NEUTRAL,0.23244896531105042,72654.015,2026-03-13 15:30:00,72808.265,72455.015,72462.095,,-0.2641560827711975
2026-03-13 15:20:00,BTCUSDT,NEUTRAL,0.11489380151033401,72672.055,2026-03-13 15:35:00,72804.515,72338.015,72552.745,,-0.16417589952561226
2026-03-13 15:25:00,BTCUSDT,NEUTRAL,0.19851413369178772,72558.41500000001,2026-03-13 15:40:00,72593.685,72244.965,72351.485,,-0.2851909044595414
2026-03-13 15:30:00,BTCUSDT,NEUTRAL,0.13024309277534485,72462.095,2026-03-13 15:45:00,72593.685,71880.475,71958.795,,-0.6945700369275866
2026-03-13 15:35:00,BTCUSDT,NEUTRAL,0.03454219549894333,72552.745,2026-03-13 15:50:00,72552.745,71880.475,72167.155,,-0.5314616283642977
2026-03-13 15:40:00,BTCUSDT,NEUTRAL,0.05988115444779396,72351.57500000001,2026-03-13 15:55:00,72368.225,71880.475,71934.88500000001,,-0.5759238827903916
2026-03-13 15:45:00,BTCUSDT,NEUTRAL,0.177779883146286,71976.805,2026-03-13 16:00:00,72249.935,71738.475,71847.295,,-0.17993296590477276
2026-03-13 15:50:00,BTCUSDT,NEUTRAL,0.23285456001758575,72156.305,2026-03-13 16:05:00,72233.225,71640.485,71728.965,,-0.5922420778059472
2026-03-13 15:55:00,BTCUSDT,NEUTRAL,0.1723989099264145,71971.955,2026-03-13 16:10:00,71971.955,71583.465,71697.32500000001,,-0.3815791859481795
2026-03-13 16:00:00,BTCUSDT,NEUTRAL,0.13911518454551697,71847.295,2026-03-13 16:15:00,71944.095,71583.465,71751.765,,-0.13296255621036093
2026-03-13 16:05:00,BTCUSDT,NEUTRAL,0.09769856184720993,71728.965,2026-03-13 16:20:00,71850.08499999999,71363.14499999999,71397.715,,-0.46180786241652866
2026-03-13 16:10:00,BTCUSDT,NEUTRAL,0.07903502136468887,71697.32500000001,2026-03-13 16:25:00,71850.08499999999,71268.295,71329.595,,-0.5128922173874834
2026-03-13 16:15:00,BTCUSDT,NEUTRAL,0.10765514522790909,71737.955,2026-03-13 16:30:00,71761.245,71156.255,71379.705,,-0.4993869702586308
2026-03-13 16:20:00,BTCUSDT,NEUTRAL,0.0368928499519825,71406.08499999999,2026-03-13 16:35:00,71679.805,71156.255,71679.805,,0.3833286757003989
2026-03-13 16:25:00,BTCUSDT,NEUTRAL,0.07676498591899872,71329.595,2026-03-13 16:40:00,71866.655,71156.255,71829.07500000001,,0.7002423047544438
2026-03-13 16:30:00,BTCUSDT,NEUTRAL,0.08889854699373245,71379.705,2026-03-13 16:45:00,71874.655,71379.705,71825.445,,0.6244632140186138
2026-03-13 16:35:00,BTCUSDT,NEUTRAL,0.24174818396568298,71638.045,2026-03-13 16:50:00,71934.125,71600.795,71905.475,,0.3733072280238909
2026-03-13 16:40:00,BTCUSDT,NEUTRAL,0.09388159215450287,71843.60500000001,2026-03-13 16:55:00,72099.995,71761.255,72043.57500000001,,0.2783407096567623
2026-03-13 16:45:00,BTCUSDT,NEUTRAL,0.07054213434457779,71825.445,2026-03-13 17:00:00,72099.995,71761.255,71895.035,,0.09688766982229835
2026-03-13 16:50:00,BTCUSDT,NEUTRAL,0.05486896634101868,71905.475,2026-03-13 17:05:00,72099.995,71869.905,71932.16500000001,,0.037118174937308075
2026-03-13 16:55:00,BTCUSDT,NEUTRAL,0.046035800129175186,72043.57500000001,2026-03-13 17:10:00,72082.805,71869.905,72063.67499999999,,0.02789978148638059
2026-03-13 17:00:00,BTCUSDT,NEUTRAL,0.04999643191695213,71889.41500000001,2026-03-13 17:15:00,72147.055,71879.725,72147.055,,0.3583837759703356
2026-03-13 17:05:00,BTCUSDT,NEUTRAL,0.05250798910856247,71933.66500000001,2026-03-13 17:20:00,72241.42499999999,71889.775,72081.725,,0.2058285227090788
2026-03-13 17:10:00,BTCUSDT,NEUTRAL,0.04076548293232918,72060.735,2026-03-13 17:25:00,72241.42499999999,71880.005,71885.565,,-0.24308661298000672
2026-03-13 17:15:00,BTCUSDT,NEUTRAL,0.11828654259443283,72127.045,2026-03-13 17:30:00,72241.42499999999,71595.715,71664.015,,-0.6419644670040189
2026-03-13 17:20:00,BTCUSDT,NEUTRAL,0.17105485498905182,72083.16500000001,2026-03-13 17:35:00,72098.525,71559.155,71631.61499999999,,-0.6264292085399099
2026-03-13 17:25:00,BTCUSDT,NEUTRAL,0.0670357495546341,71880.445,2026-03-13 17:40:00,71903.735,71402.07500000001,71450.465,,-0.5981877268567417
2026-03-13 17:30:00,BTCUSDT,NEUTRAL,0.13928067684173584,71664.015,2026-03-13 17:45:00,71683.41500000001,71061.17499999999,71245.995,,-0.5833053032264576
2026-03-13 17:35:00,BTCUSDT,NEUTRAL,0.12103462964296341,71631.61499999999,2026-03-13 17:50:00,71631.61499999999,71061.17499999999,71068.07500000001,,-0.7867196628192441
2026-03-13 17:40:00,BTCUSDT,NEUTRAL,0.02706976607441902,71464.255,2026-03-13 17:55:00,71473.515,70988.005,71106.67499999999,,-0.5003620341386281
2026-03-13 17:45:00,BTCUSDT,NEUTRAL,0.06390386074781418,71212.08499999999,2026-03-13 18:00:00,71277.015,70914.095,71030.305,,-0.25526566172019655
2026-03-13 17:50:00,BTCUSDT,NEUTRAL,0.0866301953792572,71083.015,2026-03-13 18:05:00,71174.155,70914.095,71074.225,,-0.012365823256081074
2026-03-13 17:55:00,BTCUSDT,NEUTRAL,0.04936728626489639,71106.67499999999,2026-03-13 18:10:00,71174.155,70914.095,71039.995,,-0.09377459992327447
2026-03-13 18:00:00,BTCUSDT,NEUTRAL,0.03844722732901573,71037.935,2026-03-13 18:15:00,71221.435,70937.91500000001,71218.065,,0.25356874464327356
2026-03-13 18:05:00,BTCUSDT,NEUTRAL,0.023251749575138092,71074.225,2026-03-13 18:20:00,71250.125,70841.235,71046.245,,-0.039367295246638956
2026-03-13 18:10:00,BTCUSDT,NEUTRAL,0.037015389651060104,71039.995,2026-03-13 18:25:00,71250.125,70841.235,70978.36499999999,,-0.08675394754744094
2026-03-13 18:15:00,BTCUSDT,NEUTRAL,0.04336199164390564,71218.065,2026-03-13 18:30:00,71250.125,70841.235,71198.995,,-0.02677691397541759
2026-03-13 18:20:00,BTCUSDT,NEUTRAL,0.02322392910718918,71046.245,2026-03-13 18:35:00,71313.995,70867.465,71274.11499999999,,0.3207347552287884
2026-03-13 18:25:00,BTCUSDT,NEUTRAL,0.012988010421395302,70978.36499999999,2026-03-13 18:40:00,71314.965,70976.655,71289.785,,0.43875341450879135
2026-03-13 18:30:00,BTCUSDT,NEUTRAL,0.030562710016965866,71198.995,2026-03-13 18:45:00,71350.935,71178.545,71249.92499999999,,0.07153190856133997
2026-03-13 18:35:00,BTCUSDT,NEUTRAL,0.11680451780557632,71274.11499999999,2026-03-13 18:50:00,71350.935,71050.005,71144.155,,-0.1823382864873059
2026-03-13 18:40:00,BTCUSDT,NEUTRAL,0.05415015667676926,71289.785,2026-03-13 18:55:00,71350.935,71008.205,71099.755,,-0.2665599286068808
2026-03-13 18:45:00,BTCUSDT,NEUTRAL,0.09716995060443878,71249.92499999999,2026-03-13 19:00:00,71249.92499999999,71008.205,71073.705,,-0.24732657613321926
2026-03-13 18:50:00,BTCUSDT,NEUTRAL,0.07056483626365662,71154.57500000001,2026-03-13 19:05:00,71159.525,71008.205,71034.005,,-0.16944799403271957
2026-03-13 18:55:00,BTCUSDT,NEUTRAL,0.14146734774112701,71099.755,2026-03-13 19:10:00,71240.945,71006.195,71203.41500000001,,0.14579515780329128
2026-03-13 19:00:00,BTCUSDT,NEUTRAL,0.07578805834054947,71060.57500000001,2026-03-13 19:15:00,71277.83499999999,71006.195,71224.275,,0.23036683843324166
2026-03-13 19:05:00,BTCUSDT,NEUTRAL,0.10405345261096954,71034.005,2026-03-13 19:20:00,71309.935,71006.195,71211.515,,0.2498943991683909
2026-03-13 19:10:00,BTCUSDT,NEUTRAL,0.06879428029060364,71203.41500000001,2026-03-13 19:25:00,71309.935,71040.005,71186.055,,-0.024380853081295516
2026-03-13 19:15:00,BTCUSDT,NEUTRAL,0.06763923913240433,71224.275,2026-03-13 19:30:00,71309.935,71020.505,71081.82500000001,,-0.20000203582273396
2026-03-13 19:20:00,BTCUSDT,NEUTRAL,0.06888220459222794,71214.705,2026-03-13 19:35:00,71216.83499999999,71020.505,71122.775,,-0.12908850777379133
2026-03-13 19:25:00,BTCUSDT,NEUTRAL,0.07365106791257858,71186.055,2026-03-13 19:40:00,71211.745,71020.505,71086.955,,-0.13921265899619142
2026-03-13 19:30:00,BTCUSDT,NEUTRAL,0.06880717724561691,71081.82500000001,2026-03-13 19:45:00,71211.745,71041.38500000001,71136.465,,0.07686915748151495
2026-03-13 19:35:00,BTCUSDT,NEUTRAL,0.04245574027299881,71122.775,2026-03-13 19:50:00,71233.63500000001,71041.38500000001,71176.08499999999,,0.07495489314076634
2026-03-13 19:40:00,BTCUSDT,NEUTRAL,0.9818544387817383,71066.935,2026-03-13 19:55:00,71233.63500000001,71041.38500000001,71192.16500000001,,0.17621415641466806
2026-03-13 19:45:00,BTCUSDT,NEUTRAL,0.9731666445732117,71136.465,2026-03-13 20:00:00,71256.555,71092.215,71170.095,,0.0472753319974568
2026-03-13 19:50:00,BTCUSDT,NEUTRAL,0.9734076261520386,71178.66500000001,2026-03-13 20:05:00,71256.555,71092.215,71208.17499999999,,0.04145905237191539
2026-03-13 19:55:00,BTCUSDT,NEUTRAL,0.9687368273735046,71192.16500000001,2026-03-13 20:10:00,71277.195,71143.345,71242.555,,0.07078026072108477
2026-03-13 20:00:00,BTCUSDT,NEUTRAL,0.9695928692817688,71181.33499999999,2026-03-13 20:15:00,71364.795,71150.005,71346.405,,0.23190068014319626
2026-03-13 20:05:00,BTCUSDT,NEUTRAL,0.9742959141731262,71180.035,2026-03-13 20:20:00,71468.63500000001,71180.035,71443.86499999999,,0.3706516862488016
2026-03-13 20:10:00,BTCUSDT,NEUTRAL,0.9830123782157898,71262.225,2026-03-13 20:25:00,71468.63500000001,71235.155,71417.735,,0.21822220678626683
2026-03-13 20:15:00,BTCUSDT,NEUTRAL,0.9795915484428406,71353.005,2026-03-13 20:30:00,71468.63500000001,71269.32500000001,71310.375,,-0.0597452062460504
2026-03-13 20:20:00,BTCUSDT,NEUTRAL,0.9654685854911804,71443.86499999999,2026-03-13 20:35:00,71447.64499999999,71269.32500000001,71309.015,,-0.1887495868259525
2026-03-13 20:25:00,BTCUSDT,NEUTRAL,0.9837267398834229,71417.735,2026-03-13 20:40:00,71417.735,71269.32500000001,71301.595,,-0.16262067118202422
2026-03-13 20:30:00,BTCUSDT,NEUTRAL,0.8535321354866028,71310.375,2026-03-13 20:45:00,71347.845,71282.035,71304.07500000001,,-0.008834619085916122
2026-03-13 20:35:00,BTCUSDT,NEUTRAL,0.9409686923027039,71319.92499999999,2026-03-13 20:50:00,71444.83499999999,71279.11499999999,71400.005,,0.11228278773430611
2026-03-13 20:40:00,BTCUSDT,NEUTRAL,0.9585877656936646,71297.495,2026-03-13 20:55:00,71469.525,71279.11499999999,71377.125,,0.11168695337754106
2026-03-13 20:45:00,BTCUSDT,NEUTRAL,0.9671611189842224,71329.805,2026-03-13 21:00:00,71469.525,71279.11499999999,71361.465,,0.04438537298679492
2026-03-13 20:50:00,BTCUSDT,NEUTRAL,0.9802471399307251,71409.07500000001,2026-03-13 21:05:00,71483.995,71328.465,71466.57500000001,,0.08052197847402447
2026-03-13 20:55:00,BTCUSDT,NEUTRAL,0.9827712178230286,71396.38500000001,2026-03-13 21:10:00,71491.025,71328.465,71454.16500000001,,0.0809284671765928
2026-03-13 21:00:00,BTCUSDT,NEUTRAL,0.9899287819862366,71361.465,2026-03-13 21:15:00,71491.025,71360.66500000001,71408.375,,0.0657357580873704
2026-03-13 21:05:00,BTCUSDT,NEUTRAL,0.9936506152153015,71466.57500000001,2026-03-13 21:20:00,71491.025,71378.525,71419.345,,-0.06608683849759202
2026-03-13 21:10:00,BTCUSDT,NEUTRAL,0.9850980043411255,71454.16500000001,2026-03-13 21:25:00,71479.63500000001,71332.125,71332.125,,-0.1707948025143225
2026-03-13 21:15:00,BTCUSDT,NEUTRAL,0.9831246137619019,71408.375,2026-03-13 21:30:00,71419.345,71138.025,71193.995,,-0.3002168863246148
2026-03-13 21:20:00,BTCUSDT,NEUTRAL,0.9767630100250244,71419.345,2026-03-13 21:35:00,71419.345,71138.025,71189.42499999999,,-0.32192958364433727
2026-03-13 21:25:00,BTCUSDT,NEUTRAL,0.9695069193840027,71371.995,2026-03-13 21:40:00,71371.995,71077.17499999999,71082.58499999999,,-0.40549518056767714
2026-03-13 21:30:00,BTCUSDT,NEUTRAL,0.9962551593780518,71168.025,2026-03-13 21:45:00,71305.60500000001,71069.88500000001,71185.995,,0.02525010354017997
2026-03-13 21:55:00,BTCUSDT,NEUTRAL,0.9828116297721863,71190.10500000001,2026-03-13 22:10:00,71202.775,70688.005,70850.245,,-0.477397806900292
2026-03-13 22:00:00,BTCUSDT,NEUTRAL,0.9740022420883179,71104.64499999999,2026-03-13 22:15:00,71189.265,70688.005,70847.33499999999,,-0.361875092689089
2026-03-13 22:05:00,BTCUSDT,NEUTRAL,0.9680041670799255,70800.14499999999,2026-03-13 22:20:00,70927.63500000001,70661.965,70836.515,,0.05136995129036798
2026-03-13 22:10:00,BTCUSDT,NEUTRAL,0.1268305778503418,70850.245,2026-03-13 22:25:00,70927.63500000001,70651.025,70651.025,,-0.2811846310482076
2026-03-13 22:15:00,BTCUSDT,NEUTRAL,0.09043868631124496,70847.33499999999,2026-03-13 22:30:00,70847.33499999999,70643.525,70673.735,,-0.24503391694266452
2026-03-13 22:20:00,BTCUSDT,NEUTRAL,0.052345480769872665,70836.515,2026-03-13 22:35:00,70836.515,70559.025,70716.685,,-0.16916416624957023
2026-03-13 22:25:00,BTCUSDT,NEUTRAL,0.03202898055315018,70660.41500000001,2026-03-13 22:40:00,70751.33499999999,70559.025,70694.845,,0.048726008756094924
2026-03-13 22:30:00,BTCUSDT,NEUTRAL,0.02918524108827114,70673.735,2026-03-13 22:45:00,70775.375,70559.025,70720.465,,0.06612074485662309
2026-03-13 22:35:00,BTCUSDT,NEUTRAL,0.040383800864219666,70716.685,2026-03-13 22:50:00,70794.505,70632.755,70782.625,,0.09324532110067424
2026-03-13 22:40:00,BTCUSDT,NEUTRAL,0.05886971950531006,70694.845,2026-03-13 22:55:00,70813.82500000001,70676.955,70803.85500000001,,0.15419794753069946
2026-03-13 22:45:00,BTCUSDT,NEUTRAL,0.04766589775681496,70720.465,2026-03-13 23:00:00,70816.82500000001,70676.955,70813.995,,0.13225308968203028
2026-03-13 22:50:00,BTCUSDT,NEUTRAL,0.9826646447181702,70782.625,2026-03-13 23:05:00,70816.82500000001,70689.995,70751.845,,-0.043485247968691236
2026-03-13 22:55:00,BTCUSDT,NEUTRAL,0.5209230780601501,70803.85500000001,2026-03-13 23:10:00,70824.755,70689.995,70762.16500000001,,-0.05888097477178654
2026-03-13 23:00:00,BTCUSDT,NEUTRAL,0.967370331287384,70813.995,2026-03-13 23:15:00,70824.755,70689.995,70809.045,,-0.006990143685576686
2026-03-13 23:05:00,BTCUSDT,NEUTRAL,0.9439517855644226,70751.845,2026-03-13 23:20:00,70923.705,70726.305,70902.935,,0.2135492014377809
2026-03-13 23:10:00,BTCUSDT,NEUTRAL,0.24321720004081726,70783.765,2026-03-13 23:25:00,70923.705,70732.60500000001,70889.445,,0.1492997723418747
2026-03-13 23:15:00,BTCUSDT,NEUTRAL,0.05698699504137039,70809.045,2026-03-13 23:30:00,71005.295,70801.735,70900.015,,0.12847228768584742
2026-03-13 23:20:00,BTCUSDT,NEUTRAL,0.02345503307878971,70902.935,2026-03-13 23:35:00,71005.295,70863.755,70898.565,,-0.00616335557899732
2026-03-13 23:25:00,BTCUSDT,NEUTRAL,0.062028080224990845,70889.445,2026-03-13 23:40:00,71005.295,70864.015,70905.215,,0.022245906989382582
2026-03-13 23:30:00,BTCUSDT,NEUTRAL,0.027990778908133507,70900.015,2026-03-13 23:45:00,70965.705,70864.015,70928.545,,0.040239765816691066
2026-03-13 23:35:00,BTCUSDT,NEUTRAL,0.07194066047668457,70898.565,2026-03-13 23:50:00,70989.295,70897.64499999999,70907.535,,0.012651878073979583
2026-03-13 23:40:00,BTCUSDT,NEUTRAL,0.06515762954950333,70897.64499999999,2026-03-13 23:55:00,70989.295,70897.64499999999,70939.065,,0.05842225083782799
2026-03-13 23:45:00,BTCUSDT,NEUTRAL,0.0586860217154026,70941.095,2026-03-14 00:00:00,70989.295,70903.67499999999,70903.67499999999,,-0.05274798760861078
2026-03-13 23:50:00,BTCUSDT,NEUTRAL,0.056619253009557724,70925.185,2026-03-14 00:05:00,70966.705,70744.015,70803.655,,-0.17134957067788942
2026-03-13 23:55:00,BTCUSDT,NEUTRAL,0.05398523807525635,70939.065,2026-03-14 00:10:00,70966.705,70744.015,70846.88500000001,,-0.1299425077000846
2026-03-14 00:00:00,BTCUSDT,NEUTRAL,0.06998034566640854,70930.005,2026-03-14 00:15:00,70930.005,70744.015,70895.065,,-0.04925983016637645
2026-03-14 00:05:00,BTCUSDT,NEUTRAL,0.046488646417856216,70803.655,2026-03-14 00:20:00,70909.805,70782.275,70892.36499999999,,0.12529014215437304
2026-03-14 00:10:00,BTCUSDT,NEUTRAL,0.0497882217168808,70846.88500000001,2026-03-14 00:25:00,70951.795,70820.215,70876.045,,0.04115918434521
2026-03-14 00:15:00,BTCUSDT,NEUTRAL,0.32169604301452637,70895.065,2026-03-14 00:30:00,70951.795,70786.345,70916.775,,0.030622723880698678
2026-03-14 00:20:00,BTCUSDT,NEUTRAL,0.9588844776153564,70892.36499999999,2026-03-14 00:35:00,70951.795,70786.345,70895.935,,0.0050358032208503494
2026-03-14 00:25:00,BTCUSDT,NEUTRAL,0.9623913168907166,70876.045,2026-03-14 00:40:00,70928.545,70786.345,70792.89499999999,,-0.11731749422531793
2026-03-14 00:30:00,BTCUSDT,NEUTRAL,0.9670934081077576,70916.775,2026-03-14 00:45:00,70928.545,70560.61499999999,70568.745,,-0.490758357243401
2026-03-14 00:35:00,BTCUSDT,NEUTRAL,0.950011134147644,70895.935,2026-03-14 00:50:00,70928.545,70555.005,70594.905,,-0.42460826562199766
2026-03-14 00:40:00,BTCUSDT,NEUTRAL,0.9802486300468445,70792.89499999999,2026-03-14 00:55:00,70818.945,70555.005,70648.58499999999,,-0.20384814041013252
2026-03-14 00:45:00,BTCUSDT,NEUTRAL,0.10897761583328247,70568.745,2026-03-14 01:00:00,70706.745,70555.005,70631.965,,0.08958640259225407
2026-03-14 00:50:00,BTCUSDT,NEUTRAL,0.0691055953502655,70580.815,2026-03-14 01:05:00,70763.735,70580.005,70743.955,,0.23113929755557427
2026-03-14 00:55:00,BTCUSDT,NEUTRAL,0.15475472807884216,70648.58499999999,2026-03-14 01:10:00,70763.735,70631.965,70749.785,,0.1432441994415198
2026-03-14 01:00:00,BTCUSDT,NEUTRAL,0.9457118511199951,70631.965,2026-03-14 01:15:00,70767.155,70631.965,70695.215,,0.08954869087954725
2026-03-14 01:05:00,BTCUSDT,NEUTRAL,0.9332208037376404,70743.955,2026-03-14 01:20:00,70767.155,70672.63500000001,70759.275,,0.02165556053516153
2026-03-14 01:10:00,BTCUSDT,NEUTRAL,0.9756546020507812,70749.785,2026-03-14 01:25:00,70799.485,70672.63500000001,70799.485,,0.07024756329647798
2026-03-14 01:15:00,BTCUSDT,NEUTRAL,0.9780306220054626,70695.215,2026-03-14 01:30:00,70804.745,70695.215,70780.475,,0.12060222180526549
2026-03-14 01:20:00,BTCUSDT,NEUTRAL,0.9857983589172363,70759.275,2026-03-14 01:35:00,70821.125,70690.775,70706.66500000001,,-0.07435067699603484
2026-03-14 01:25:00,BTCUSDT,NEUTRAL,0.9825761318206787,70794.625,2026-03-14 01:40:00,70821.125,70485.905,70702.435,,-0.1302217505919444
2026-03-14 01:30:00,BTCUSDT,NEUTRAL,0.98647540807724,70780.475,2026-03-14 01:45:00,70827.625,70485.905,70807.475,,0.03814611303470342
2026-03-14 01:35:00,BTCUSDT,NEUTRAL,0.9905790686607361,70706.66500000001,2026-03-14 01:50:00,70882.495,70485.905,70882.495,,0.24867528400609357
2026-03-14 01:40:00,BTCUSDT,NEUTRAL,0.9827567338943481,70702.435,2026-03-14 01:55:00,70914.785,70697.57500000001,70906.295,,0.288335189587177
2026-03-14 01:45:00,BTCUSDT,NEUTRAL,0.9809162020683289,70807.475,2026-03-14 02:00:00,70914.785,70807.475,70831.695,,0.03420542816983823
2026-03-14 01:50:00,BTCUSDT,NEUTRAL,0.978076696395874,70882.495,2026-03-14 02:05:00,70914.785,70780.82500000001,70866.465,,-0.02261489243571186
2026-03-14 01:55:00,BTCUSDT,NEUTRAL,0.9423075318336487,70914.785,2026-03-14 02:10:00,70914.785,70780.82500000001,70853.14499999999,,-0.0869212252424004
2026-03-14 02:00:00,BTCUSDT,NEUTRAL,0.9775205254554749,70831.695,2026-03-14 02:15:00,70897.545,70780.82500000001,70842.225,,0.0148662262000067
2026-03-14 02:05:00,BTCUSDT,NEUTRAL,0.9762827754020691,70866.465,2026-03-14 02:20:00,70897.545,70819.715,70856.785,,-0.013659493245490678
2026-03-14 02:10:00,BTCUSDT,NEUTRAL,0.9699440002441406,70853.14499999999,2026-03-14 02:25:00,70876.785,70789.33499999999,70804.475,,-0.0686913756615655
2026-03-14 02:15:00,BTCUSDT,NEUTRAL,0.9556130170822144,70862.60500000001,2026-03-14 02:30:00,70876.785,70789.33499999999,70802.805,,-0.08438865604787948
2026-03-14 02:20:00,BTCUSDT,NEUTRAL,0.9719674587249756,70856.785,2026-03-14 02:35:00,70867.92499999999,70744.735,70827.245,,-0.04168972667897386
2026-03-14 02:25:00,BTCUSDT,NEUTRAL,0.9717200994491577,70867.92499999999,2026-03-14 02:40:00,70867.92499999999,70741.005,70781.58499999999,,-0.12183226755968447
2026-03-14 02:30:00,BTCUSDT,NEUTRAL,0.9691669344902039,70810.485,2026-03-14 02:45:00,70840.245,70741.005,70765.36499999999,,-0.06371937715157565
2026-03-14 02:35:00,BTCUSDT,NEUTRAL,0.9619336724281311,70827.245,2026-03-14 02:50:00,70840.245,70735.215,70798.505,,-0.0405776054115767
2026-03-14 02:40:00,BTCUSDT,NEUTRAL,0.9747476577758789,70781.58499999999,2026-03-14 02:55:00,70851.35500000001,70735.215,70794.88500000001,,0.018790198043767265
2026-03-14 02:45:00,BTCUSDT,NEUTRAL,0.9644274115562439,70770.32500000001,2026-03-14 03:00:00,70875.67499999999,70735.215,70783.265,,0.018284499894535986
2026-03-14 02:50:00,BTCUSDT,NEUTRAL,0.9884545207023621,70798.505,2026-03-14 03:05:00,70882.495,70761.92499999999,70882.495,,0.11863244852414706
2026-03-14 02:55:00,BTCUSDT,NEUTRAL,0.987261950969696,70779.965,2026-03-14 03:10:00,70998.995,70761.92499999999,70998.995,,0.3094519755696387
2026-03-14 03:00:00,BTCUSDT,NEUTRAL,0.9810115098953247,70783.265,2026-03-14 03:15:00,71006.82500000001,70783.265,71006.82500000001,,0.31583736636055465
2026-03-14 03:05:00,BTCUSDT,NEUTRAL,0.9749233722686768,70882.495,2026-03-14 03:20:00,71119.125,70882.495,71008.67499999999,,0.1780129212438036
2026-03-14 03:10:00,BTCUSDT,NEUTRAL,0.9446993470191956,70998.995,2026-03-14 03:25:00,71119.125,70959.655,71026.295,,0.038451248500070895
2026-03-14 03:15:00,BTCUSDT,NEUTRAL,0.9708475470542908,71006.82500000001,2026-03-14 03:30:00,71119.125,70959.655,71041.67499999999,,0.04907978916107954
2026-03-14 03:20:00,BTCUSDT,NEUTRAL,0.9712386727333069,71008.67499999999,2026-03-14 03:35:00,71159.655,70959.655,71138.255,,0.18248474570186857
2026-03-14 03:25:00,BTCUSDT,NEUTRAL,0.9650452733039856,71026.295,2026-03-14 03:40:00,71171.86499999999,71023.455,71156.215,,0.18291817136174462
2026-03-14 03:30:00,BTCUSDT,NEUTRAL,0.9056642055511475,71041.67499999999,2026-03-14 03:45:00,71171.86499999999,71041.67499999999,71146.505,,0.1475612730133634
2026-03-14 03:35:00,BTCUSDT,NEUTRAL,0.9276593923568726,71146.13500000001,2026-03-14 03:50:00,71171.86499999999,71069.11499999999,71095.36499999999,,-0.07136016594579399
2026-03-14 03:40:00,BTCUSDT,NEUTRAL,0.9336609840393066,71156.215,2026-03-14 03:55:00,71168.32500000001,71062.535,71062.535,,-0.13165399536778766
2026-03-14 03:45:00,BTCUSDT,NEUTRAL,0.9252899885177612,71148.545,2026-03-14 04:00:00,71148.545,71049.815,71094.805,,-0.07553211383311526
2026-03-14 03:50:00,BTCUSDT,NEUTRAL,0.8478466272354126,71095.36499999999,2026-03-14 04:05:00,71150.92499999999,71049.815,71131.35500000001,,0.050622146746162416
2026-03-14 03:55:00,BTCUSDT,NEUTRAL,0.8602107763290405,71097.955,2026-03-14 04:10:00,71189.995,71049.815,71189.995,,0.12945520022340107
2026-03-14 04:00:00,BTCUSDT,NEUTRAL,0.9238018989562988,71081.305,2026-03-14 04:15:00,71216.275,71062.005,71193.58499999999,,0.15795995866986243
2026-03-14 04:05:00,BTCUSDT,NEUTRAL,0.9632807374000549,71136.195,2026-03-14 04:20:00,71216.275,71094.965,71140.445,,0.005974455057653843
2026-03-14 04:10:00,BTCUSDT,NEUTRAL,0.968679666519165,71189.995,2026-03-14 04:25:00,71216.275,71094.965,71128.32500000001,,-0.08662734138411403
2026-03-14 04:15:00,BTCUSDT,NEUTRAL,0.9672173261642456,71193.58499999999,2026-03-14 04:30:00,71206.995,71094.965,71204.64499999999,,0.015535107552172958
2026-03-14 04:20:00,BTCUSDT,NEUTRAL,0.9434945583343506,71140.445,2026-03-14 04:35:00,71228.405,71108.225,71217.035,,0.10766027679472134
2026-03-14 04:25:00,BTCUSDT,NEUTRAL,0.9801101684570312,71128.32500000001,2026-03-14 04:40:00,71280.005,71124.345,71264.045,,0.1908100605489959
2026-03-14 04:30:00,BTCUSDT,NEUTRAL,0.9799070358276367,71204.64499999999,2026-03-14 04:45:00,71292.005,71124.345,71285.41500000001,,0.11343361096740057
2026-03-14 04:35:00,BTCUSDT,NEUTRAL,0.9782388210296631,71217.035,2026-03-14 04:50:00,71303.595,71205.11499999999,71303.595,,0.12154395363412372
2026-03-14 04:40:00,BTCUSDT,NEUTRAL,0.9718965291976929,71264.045,2026-03-14 04:55:00,71303.595,71062.535,71103.435,,-0.22537311767806698
2026-03-14 04:45:00,BTCUSDT,NEUTRAL,0.9762579798698425,71285.41500000001,2026-03-14 05:00:00,71303.595,71021.11499999999,71039.57500000001,,-0.3448671793521809
2026-03-14 04:50:00,BTCUSDT,NEUTRAL,0.9737709164619446,71303.595,2026-03-14 05:05:00,71303.595,71009.295,71023.975,,-0.3921541403347129
2026-03-14 04:55:00,BTCUSDT,NEUTRAL,0.9392641186714172,71088.08499999999,2026-03-14 05:10:00,71119.89499999999,70983.32500000001,71110.08499999999,,0.03094752095235088
2026-03-14 05:00:00,BTCUSDT,NEUTRAL,0.9026327729225159,71039.57500000001,2026-03-14 05:15:00,71126.32500000001,70983.32500000001,71110.36499999999,,0.09964868173828324
2026-03-14 05:05:00,BTCUSDT,NEUTRAL,0.9676198363304138,71009.295,2026-03-14 05:20:00,71126.32500000001,70983.32500000001,71119.375,,0.15502195874498084
2026-03-14 05:10:00,BTCUSDT,NEUTRAL,0.9514095187187195,71110.08499999999,2026-03-14 05:25:00,71151.295,71058.41500000001,71097.935,,-0.0170861840482882
2026-03-14 05:15:00,BTCUSDT,NEUTRAL,0.9894554018974304,71110.36499999999,2026-03-14 05:30:00,71151.295,71058.41500000001,71113.985,,0.00509067841236632
2026-03-14 05:20:00,BTCUSDT,NEUTRAL,0.9880703091621399,71119.375,2026-03-14 05:35:00,71151.295,70952.045,70970.375,,-0.2095069030063889
2026-03-14 05:25:00,BTCUSDT,NEUTRAL,0.9887166023254395,71097.935,2026-03-14 05:40:00,71136.905,70916.955,70999.125,,-0.13897731347611947
2026-03-14 05:30:00,BTCUSDT,NEUTRAL,0.9888655543327332,71113.985,2026-03-14 05:45:00,71113.995,70916.955,71005.005,,-0.15324693166891987
2026-03-14 05:35:00,BTCUSDT,NEUTRAL,0.9807465672492981,70969.595,2026-03-14 05:50:00,71024.275,70916.955,71024.275,,0.07704707910478144
2026-03-14 05:40:00,BTCUSDT,NEUTRAL,0.9808734059333801,70999.125,2026-03-14 05:55:00,71035.965,70946.845,70998.595,,-0.0007464880729147519
2026-03-14 05:45:00,BTCUSDT,NEUTRAL,0.9839832782745361,71005.005,2026-03-14 06:00:00,71035.965,70972.125,71001.08499999999,,-0.0055207375874599335
2026-03-14 05:50:00,BTCUSDT,NEUTRAL,0.9883877635002136,71024.275,2026-03-14 06:05:00,71035.965,70918.065,70918.065,,-0.14954042121512942
2026-03-14 05:55:00,BTCUSDT,NEUTRAL,0.9895757436752319,70998.595,2026-03-14 06:10:00,71013.745,70918.065,70941.08499999999,,-0.0810016029190568
2026-03-14 06:00:00,BTCUSDT,NEUTRAL,0.9875665903091431,71013.745,2026-03-14 06:15:00,71013.745,70892.33499999999,70925.685,,-0.12400416285607481
2026-03-14 06:05:00,BTCUSDT,NEUTRAL,0.9877462387084961,70918.065,2026-03-14 06:20:00,70959.655,70792.205,70828.875,,-0.1257648527212387
2026-03-14 06:10:00,BTCUSDT,NEUTRAL,0.9838629961013794,70941.08499999999,2026-03-14 06:25:00,70941.08499999999,70776.005,70794.295,,-0.2069181772452361
2026-03-14 06:15:00,BTCUSDT,NEUTRAL,0.9899984002113342,70925.685,2026-03-14 06:30:00,70925.685,70700.005,70711.89499999999,,-0.30142817795839144
2026-03-14 06:20:00,BTCUSDT,NEUTRAL,0.9818322658538818,70828.875,2026-03-14 06:35:00,70860.465,70641.465,70653.13500000001,,-0.24811914632272597
2026-03-14 06:25:00,BTCUSDT,NEUTRAL,0.9679076671600342,70794.295,2026-03-14 06:40:00,70794.295,70516.13500000001,70545.14499999999,,-0.35193513827633816
2026-03-14 06:30:00,BTCUSDT,NEUTRAL,0.9696682691574097,70711.89499999999,2026-03-14 06:45:00,70741.215,70317.005,70463.845,,-0.3507896373021659
2026-03-14 06:35:00,BTCUSDT,NEUTRAL,0.9898450374603271,70653.13500000001,2026-03-14 06:50:00,70715.035,70317.005,70657.995,,0.0068786756595953305
2026-03-14 06:40:00,BTCUSDT,NEUTRAL,0.9808654189109802,70545.14499999999,2026-03-14 06:55:00,70665.985,70317.005,70615.07500000001,,0.09912801228209557
2026-03-14 06:45:00,BTCUSDT,NEUTRAL,0.10214635729789734,70463.845,2026-03-14 07:00:00,70684.955,70423.125,70607.745,,0.20421820580468492
2026-03-14 06:50:00,BTCUSDT,NEUTRAL,0.03970116749405861,70645.655,2026-03-14 07:05:00,70702.025,70601.285,70644.455,,-0.0016986182660449387
2026-03-14 06:55:00,BTCUSDT,NEUTRAL,0.9170450568199158,70615.07500000001,2026-03-14 07:10:00,70702.025,70597.375,70681.86499999999,,0.09458320337403739
2026-03-14 07:00:00,BTCUSDT,NEUTRAL,0.9861935973167419,70633.91500000001,2026-03-14 07:15:00,70725.345,70597.375,70706.745,,0.10310910842190636
2026-03-14 07:05:00,BTCUSDT,NEUTRAL,0.9822131395339966,70644.455,2026-03-14 07:20:00,70725.345,70597.375,70673.66500000001,,0.041347901969102034
2026-03-14 07:10:00,BTCUSDT,NEUTRAL,0.9931562542915344,70677.125,2026-03-14 07:25:00,70725.345,70560.58499999999,70594.725,,-0.116586519329973
2026-03-14 07:15:00,BTCUSDT,NEUTRAL,0.9935653805732727,70706.745,2026-03-14 07:30:00,70706.745,70560.58499999999,70689.525,,-0.02435411218547985
2026-03-14 07:20:00,BTCUSDT,NEUTRAL,0.9943844079971313,70673.66500000001,2026-03-14 07:35:00,70739.985,70560.58499999999,70670.185,,-0.004924040659290101
2026-03-14 07:25:00,BTCUSDT,NEUTRAL,0.9977179765701294,70594.725,2026-03-14 07:40:00,70739.985,70531.005,70581.995,,-0.01803250880290344
2026-03-14 07:30:00,BTCUSDT,NEUTRAL,0.9964718818664551,70689.525,2026-03-14 07:45:00,70739.985,70506.475,70540.015,,-0.2115023406933273
2026-03-14 07:35:00,BTCUSDT,NEUTRAL,0.9949223399162292,70670.185,2026-03-14 07:50:00,70670.185,70489.035,70523.225,,-0.20795191069613284
2026-03-14 07:40:00,BTCUSDT,NEUTRAL,0.9922946691513062,70581.995,2026-03-14 07:55:00,70592.195,70489.035,70514.305,,-0.09590264486006995
2026-03-14 07:45:00,BTCUSDT,NEUTRAL,0.9836328625679016,70540.015,2026-03-14 08:00:00,70622.055,70489.035,70596.17499999999,,0.07961438624586192
2026-03-14 07:50:00,BTCUSDT,NEUTRAL,0.9785526990890503,70523.225,2026-03-14 08:05:00,70626.07500000001,70514.11499999999,70618.875,,0.13562907822209516
2026-03-14 07:55:00,BTCUSDT,NEUTRAL,0.9689664244651794,70514.305,2026-03-14 08:10:00,70675.985,70514.305,70613.045,,0.14002832474914878
2026-03-14 08:00:00,BTCUSDT,NEUTRAL,0.985975444316864,70596.17499999999,2026-03-14 08:15:00,70700.765,70567.14499999999,70697.035,,0.14286893022180755
2026-03-14 08:05:00,BTCUSDT,NEUTRAL,0.9910502433776855,70618.875,2026-03-14 08:20:00,70710.755,70595.08499999999,70595.08499999999,,-0.03368787735574682
2026-03-14 08:10:00,BTCUSDT,NEUTRAL,0.9865615963935852,70613.045,2026-03-14 08:25:00,70710.755,70588.205,70667.285,,0.07681300247001845
2026-03-14 08:15:00,BTCUSDT,NEUTRAL,0.9891781806945801,70697.035,2026-03-14 08:30:00,70710.755,70588.205,70671.785,,-0.03571578355443053
2026-03-14 08:20:00,BTCUSDT,NEUTRAL,0.9904378056526184,70604.13500000001,2026-03-14 08:35:00,70690.10500000001,70588.205,70683.225,,0.11201893486832819
2026-03-14 08:25:00,BTCUSDT,NEUTRAL,0.9678489565849304,70667.285,2026-03-14 08:40:00,70690.10500000001,70588.775,70612.375,,-0.07770215029486911
2026-03-14 08:30:00,BTCUSDT,NEUTRAL,0.974230170249939,70671.785,2026-03-14 08:45:00,70684.625,70562.005,70562.005,,-0.15533780560374813
2026-03-14 08:35:00,BTCUSDT,NEUTRAL,0.9874381422996521,70683.225,2026-03-14 08:50:00,70683.225,70544.91500000001,70544.91500000001,,-0.19567584812379127
2026-03-14 08:40:00,BTCUSDT,NEUTRAL,0.9863205552101135,70612.375,2026-03-14 08:55:00,70612.375,70536.58499999999,70594.485,,-0.025335502452650007
2026-03-14 08:45:00,BTCUSDT,NEUTRAL,0.9869406819343567,70562.005,2026-03-14 09:00:00,70594.905,70536.58499999999,70564.805,,0.003968141211390405
2026-03-14 08:50:00,BTCUSDT,NEUTRAL,0.9858106374740601,70544.91500000001,2026-03-14 09:05:00,70686.85500000001,70536.58499999999,70680.535,,0.1922463156982971
2026-03-14 08:55:00,BTCUSDT,NEUTRAL,0.9771673083305359,70594.485,2026-03-14 09:10:00,70705.91500000001,70563.485,70685.745,,0.1292735544426661
2026-03-14 09:00:00,BTCUSDT,NEUTRAL,0.9936641454696655,70585.63500000001,2026-03-14 09:15:00,70705.91500000001,70564.805,70693.57500000001,,0.1529206332138293
2026-03-14 09:05:00,BTCUSDT,NEUTRAL,0.9880378246307373,70680.535,2026-03-14 09:20:00,70714.36499999999,70624.745,70693.64499999999,,0.018548246699018375
2026-03-14 09:10:00,BTCUSDT,NEUTRAL,0.9943987727165222,70693.125,2026-03-14 09:25:00,70714.36499999999,70624.745,70696.41500000001,,0.00465391790221206
2026-03-14 09:15:00,BTCUSDT,NEUTRAL,0.9912350177764893,70693.57500000001,2026-03-14 09:30:00,70714.36499999999,70624.745,70694.955,,0.0019520868763393344
2026-03-14 09:20:00,BTCUSDT,NEUTRAL,0.9961028099060059,70699.785,2026-03-14 09:35:00,70711.785,70564.715,70581.875,,-0.1667756132497482
2026-03-14 09:25:00,BTCUSDT,NEUTRAL,0.9844534993171692,70703.82500000001,2026-03-14 09:40:00,70706.745,70563.17499999999,70616.60500000001,,-0.12335966264908743
2026-03-14 09:30:00,BTCUSDT,NEUTRAL,0.9890459179878235,70696.89499999999,2026-03-14 09:45:00,70696.89499999999,70563.17499999999,70612.995,,-0.11867565046526328
2026-03-14 09:35:00,BTCUSDT,NEUTRAL,0.989822506904602,70581.875,2026-03-14 09:50:00,70637.33499999999,70400.005,70448.245,,-0.18932622574847247
2026-03-14 09:40:00,BTCUSDT,NEUTRAL,0.9904284477233887,70616.60500000001,2026-03-14 09:55:00,70616.60500000001,70400.005,70509.465,,-0.1517206894894111
2026-03-14 09:45:00,BTCUSDT,NEUTRAL,0.9766092896461487,70612.995,2026-03-14 10:00:00,70612.995,70400.005,70520.745,,-0.1306416757991925
2026-03-14 09:50:00,BTCUSDT,NEUTRAL,0.9878805875778198,70448.245,2026-03-14 10:05:00,70588.715,70448.245,70515.035,,0.0948071878866651
2026-03-14 09:55:00,BTCUSDT,NEUTRAL,0.9760595560073853,70509.465,2026-03-14 10:10:00,70562.785,70488.005,70530.995,,0.030534907618429433
2026-03-14 10:00:00,BTCUSDT,NEUTRAL,0.9760996103286743,70501.155,2026-03-14 10:15:00,70569.345,70475.60500000001,70544.92499999999,,0.06208408926065044
2026-03-14 10:05:00,BTCUSDT,NEUTRAL,0.9873561859130859,70515.035,2026-03-14 10:20:00,70569.345,70456.005,70479.015,,-0.05108130485931699
2026-03-14 10:10:00,BTCUSDT,NEUTRAL,0.9763789772987366,70530.995,2026-03-14 10:25:00,70569.345,70449.995,70461.295,,-0.09882180167740026
2026-03-14 10:15:00,BTCUSDT,NEUTRAL,0.9837054014205933,70544.92499999999,2026-03-14 10:30:00,70544.92499999999,70424.465,70472.295,,-0.10295566973809968
2026-03-14 10:20:00,BTCUSDT,NEUTRAL,0.9924341440200806,70470.045,2026-03-14 10:35:00,70499.195,70389.995,70465.525,,-0.006414072816335046
2026-03-14 10:25:00,BTCUSDT,NEUTRAL,0.995029628276825,70461.295,2026-03-14 10:40:00,70483.465,70389.995,70476.195,,0.021146361275376405
2026-03-14 10:30:00,BTCUSDT,NEUTRAL,0.9940136075019836,70472.295,2026-03-14 10:45:00,70538.515,70389.995,70526.805,,0.07734954566187288
2026-03-14 10:35:00,BTCUSDT,NEUTRAL,0.995408833026886,70465.525,2026-03-14 10:50:00,70538.515,70428.07500000001,70528.33499999999,,0.08913578661337962
2026-03-14 10:40:00,BTCUSDT,NEUTRAL,0.9932999610900879,70476.195,2026-03-14 10:55:00,70563.92499999999,70476.195,70555.57500000001,,0.11263377655391958
2026-03-14 10:45:00,BTCUSDT,NEUTRAL,0.9952895641326904,70506.92499999999,2026-03-14 11:00:00,70570.735,70506.92499999999,70562.66500000001,,0.07905606435115388
2026-03-14 10:50:00,BTCUSDT,NEUTRAL,0.9944830536842346,70528.33499999999,2026-03-14 11:05:00,70645.705,70528.33499999999,70645.055,,0.16549376927727158
2026-03-14 10:55:00,BTCUSDT,NEUTRAL,0.9918879866600037,70555.57500000001,2026-03-14 11:10:00,70694.955,70542.045,70677.805,,0.17323932233559342
2026-03-14 11:00:00,BTCUSDT,NEUTRAL,0.9955856800079346,70562.66500000001,2026-03-14 11:15:00,70694.955,70562.66500000001,70671.195,,0.15380654911488792
2026-03-14 11:05:00,BTCUSDT,NEUTRAL,0.9961989521980286,70645.055,2026-03-14 11:20:00,70694.955,70639.475,70657.32500000001,,0.01736851928279853
2026-03-14 11:10:00,BTCUSDT,NEUTRAL,0.9884750843048096,70677.805,2026-03-14 11:25:00,70690.775,70639.475,70673.055,,-0.006720638820065225
2026-03-14 11:15:00,BTCUSDT,NEUTRAL,0.9945613741874695,70665.525,2026-03-14 11:30:00,70717.015,70649.42499999999,70649.42499999999,,-0.022783386948594556
2026-03-14 11:20:00,BTCUSDT,NEUTRAL,0.9829755425453186,70657.32500000001,2026-03-14 11:35:00,70717.015,70625.435,70681.155,,0.03372615648835728
2026-03-14 11:25:00,BTCUSDT,NEUTRAL,0.9834344983100891,70673.055,2026-03-14 11:40:00,70717.015,70625.435,70706.015,,0.04663729337865245
2026-03-14 11:30:00,BTCUSDT,NEUTRAL,0.9927833080291748,70649.42499999999,2026-03-14 11:45:00,70730.025,70625.435,70693.785,,0.06278890450985997
2026-03-14 11:35:00,BTCUSDT,NEUTRAL,0.9757806658744812,70681.155,2026-03-14 11:50:00,70744.095,70680.005,70726.295,,0.06386426481004649
2026-03-14 11:40:00,BTCUSDT,NEUTRAL,0.9579300880432129,70706.015,2026-03-14 11:55:00,70771.07500000001,70689.995,70734.905,,0.04085932434461116
2026-03-14 11:45:00,BTCUSDT,NEUTRAL,0.9909810423851013,70693.785,2026-03-14 12:00:00,70771.07500000001,70692.945,70743.465,,0.07027491879235638
2026-03-14 11:50:00,BTCUSDT,NEUTRAL,0.9875476360321045,70726.285,2026-03-14 12:05:00,70835.475,70692.945,70794.14499999999,,0.09594735535732724
2026-03-14 11:55:00,BTCUSDT,NEUTRAL,0.9916642904281616,70734.905,2026-03-14 12:10:00,70835.475,70692.945,70747.38500000001,,0.017643340299969976
2026-03-14 12:00:00,BTCUSDT,NEUTRAL,0.9898676872253418,70743.465,2026-03-14 12:15:00,70835.475,70702.985,70751.545,,0.01142154967953824
2026-03-14 12:05:00,BTCUSDT,NEUTRAL,0.9803133606910706,70794.14499999999,2026-03-14 12:20:00,70794.14499999999,70702.985,70733.775,,-0.08527541366591171
2026-03-14 12:10:00,BTCUSDT,NEUTRAL,0.9747691750526428,70747.38500000001,2026-03-14 12:25:00,70765.795,70702.985,70765.785,,0.02600802842393988
2026-03-14 12:15:00,BTCUSDT,NEUTRAL,0.9784185290336609,70751.545,2026-03-14 12:30:00,70770.005,70709.725,70713.775,,-0.053383993240012036
2026-03-14 12:20:00,BTCUSDT,NEUTRAL,0.9835247993469238,70733.775,2026-03-14 12:35:00,70770.005,70681.755,70725.955,,-0.011055538885055172
2026-03-14 12:25:00,BTCUSDT,NEUTRAL,0.9912683963775635,70765.785,2026-03-14 12:40:00,70770.005,70616.445,70649.595,,-0.16418951616236904
2026-03-14 12:30:00,BTCUSDT,NEUTRAL,0.9936975836753845,70713.775,2026-03-14 12:45:00,70749.245,70616.445,70664.255,,-0.07002878859174118
2026-03-14 12:35:00,BTCUSDT,NEUTRAL,0.9937143921852112,70725.955,2026-03-14 12:50:00,70731.995,70616.445,70731.995,,0.008540004868076503
2026-03-14 12:40:00,BTCUSDT,NEUTRAL,0.9856265187263489,70649.595,2026-03-14 12:55:00,70755.555,70631.455,70741.11499999999,,0.1295407284358665
2026-03-14 12:45:00,BTCUSDT,NEUTRAL,0.9880589842796326,70631.86499999999,2026-03-14 13:00:00,70780.58499999999,70631.86499999999,70748.57500000001,,0.16523703572038057
2026-03-14 12:50:00,BTCUSDT,NEUTRAL,0.9941451549530029,70731.995,2026-03-14 13:05:00,70786.945,70675.055,70751.275,,0.027257820170347006
2026-03-14 12:55:00,BTCUSDT,NEUTRAL,0.9894507527351379,70741.11499999999,2026-03-14 13:10:00,70786.945,70706.095,70752.155,,0.015606200156737917
2026-03-14 13:00:00,BTCUSDT,NEUTRAL,0.9836522340774536,70772.63500000001,2026-03-14 13:15:00,70786.945,70711.545,70754.205,,-0.02604113864067314
2026-03-14 13:05:00,BTCUSDT,NEUTRAL,0.9845772385597229,70786.945,2026-03-14 13:20:00,70914.805,70711.545,70912.445,,0.17729257845496793
2026-03-14 13:10:00,BTCUSDT,NEUTRAL,0.9865879416465759,70752.155,2026-03-14 13:25:00,70925.445,70732.005,70921.905,,0.23992202074975666
2026-03-14 13:15:00,BTCUSDT,NEUTRAL,0.9862250089645386,70754.205,2026-03-14 13:30:00,70930.005,70754.205,70930.005,,0.24846579789851772
2026-03-14 13:20:00,BTCUSDT,NEUTRAL,0.9899611473083496,70914.805,2026-03-14 13:35:00,70930.545,70876.445,70910.41500000001,,-0.006190526787720655
2026-03-14 13:25:00,BTCUSDT,NEUTRAL,0.9913029670715332,70921.905,2026-03-14 13:40:00,70930.545,70871.42499999999,70878.545,,-0.06113766966637541
2026-03-14 13:30:00,BTCUSDT,NEUTRAL,0.979322612285614,70930.005,2026-03-14 13:45:00,70930.545,70867.935,70867.935,,-0.08750880533563614
2026-03-14 13:35:00,BTCUSDT,NEUTRAL,0.9802383184432983,70930.535,2026-03-14 13:50:00,70930.535,70795.64499999999,70822.245,,-0.1526704965640089
2026-03-14 13:40:00,BTCUSDT,NEUTRAL,0.9899551868438721,70880.055,2026-03-14 13:55:00,70887.375,70795.64499999999,70855.85500000001,,-0.034142185696642784
2026-03-14 13:45:00,BTCUSDT,NEUTRAL,0.9880698323249817,70867.935,2026-03-14 14:00:00,70907.58499999999,70795.64499999999,70857.435,,-0.014816291740404176
2026-03-14 13:50:00,BTCUSDT,NEUTRAL,0.9848063588142395,70836.375,2026-03-14 14:05:00,70941.16500000001,70799.57500000001,70926.515,,0.12725100628031774
2026-03-14 13:55:00,BTCUSDT,NEUTRAL,0.9920902252197266,70855.85500000001,2026-03-14 14:10:00,70941.16500000001,70786.63500000001,70786.63500000001,,-0.09769129170765231
2026-03-14 14:00:00,BTCUSDT,NEUTRAL,0.9900099635124207,70857.435,2026-03-14 14:15:00,70941.16500000001,70725.285,70746.045,,-0.15720298088690257
2026-03-14 14:05:00,BTCUSDT,NEUTRAL,0.990382730960846,70926.515,2026-03-14 14:20:00,70939.155,70698.255,70765.555,,-0.2269391073282064
2026-03-14 14:10:00,BTCUSDT,NEUTRAL,0.9850344061851501,70786.63500000001,2026-03-14 14:25:00,70815.85500000001,70698.255,70785.055,,-0.002232059766672477
2026-03-14 14:15:00,BTCUSDT,NEUTRAL,0.9927674531936646,70746.045,2026-03-14 14:30:00,70834.16500000001,70698.255,70834.16500000001,,0.12455819968453345
2026-03-14 14:20:00,BTCUSDT,NEUTRAL,0.9911978840827942,70758.13500000001,2026-03-14 14:35:00,70838.215,70732.345,70776.61499999999,,0.026117138333255067
2026-03-14 14:25:00,BTCUSDT,NEUTRAL,0.977432131767273,70777.985,2026-03-14 14:40:00,70838.215,70722.725,70729.67499999999,,-0.06825568713211067
2026-03-14 14:30:00,BTCUSDT,NEUTRAL,0.9946910738945007,70834.16500000001,2026-03-14 14:45:00,70838.215,70592.89499999999,70603.08499999999,,-0.3262267579493826
2026-03-14 14:35:00,BTCUSDT,NEUTRAL,0.9894173741340637,70776.61499999999,2026-03-14 14:50:00,70783.695,70592.89499999999,70653.015,,-0.17463395218885686
2026-03-14 14:40:00,BTCUSDT,NEUTRAL,0.9823476076126099,70729.67499999999,2026-03-14 14:55:00,70739.295,70592.89499999999,70658.095,,-0.10120221816371587
2026-03-14 14:45:00,BTCUSDT,NEUTRAL,0.975943386554718,70603.08499999999,2026-03-14 15:00:00,70669.465,70578.765,70601.095,,-0.0028185737209509855
2026-03-14 14:50:00,BTCUSDT,NEUTRAL,0.9860868453979492,70657.725,2026-03-14 15:05:00,70721.435,70563.565,70653.595,,-0.005845079218167095
2026-03-14 14:55:00,BTCUSDT,NEUTRAL,0.9931430816650391,70658.095,2026-03-14 15:10:00,70721.435,70563.565,70649.735,,-0.011831623821729954
2026-03-14 15:00:00,BTCUSDT,NEUTRAL,0.9848493337631226,70601.095,2026-03-14 15:15:00,70721.435,70563.565,70657.805,,0.08032453321013201
2026-03-14 15:05:00,BTCUSDT,NEUTRAL,0.9808872938156128,70653.595,2026-03-14 15:20:00,70725.215,70631.305,70706.715,,0.07518371853547628
2026-03-14 15:10:00,BTCUSDT,NEUTRAL,0.987775444984436,70649.735,2026-03-14 15:25:00,70728.58499999999,70649.735,70682.205,,0.04595912497053409
2026-03-14 15:15:00,BTCUSDT,NEUTRAL,0.990789532661438,70657.805,2026-03-14 15:30:00,70728.58499999999,70631.035,70642.005,,-0.022361294693471388
2026-03-14 15:20:00,BTCUSDT,NEUTRAL,0.9831104278564453,70706.715,2026-03-14 15:35:00,70728.58499999999,70501.005,70570.935,,-0.192032680347261
2026-03-14 15:25:00,BTCUSDT,NEUTRAL,0.9872627854347229,70682.205,2026-03-14 15:40:00,70703.965,70501.005,70563.715,,-0.16763766778357472
2026-03-14 15:30:00,BTCUSDT,NEUTRAL,0.9797664880752563,70670.095,2026-03-14 15:45:00,70670.095,70501.005,70539.475,,-0.18483065573917135
2026-03-14 15:35:00,BTCUSDT,NEUTRAL,0.9896067976951599,70570.935,2026-03-14 15:50:00,70592.215,70521.935,70529.39499999999,,-0.05886275986000207
2026-03-14 15:40:00,BTCUSDT,NEUTRAL,0.9919336438179016,70563.715,2026-03-14 15:55:00,70611.695,70521.935,70593.525,,0.042245508190714834
2026-03-14 15:45:00,BTCUSDT,NEUTRAL,0.9874524474143982,70539.475,2026-03-14 16:00:00,70611.695,70521.935,70570.41500000001,,0.04386196523294556
2026-03-14 15:50:00,BTCUSDT,NEUTRAL,0.9843528866767883,70529.39499999999,2026-03-14 16:05:00,70611.695,70501.005,70546.17499999999,,0.023791498565950888
2026-03-14 15:55:00,BTCUSDT,NEUTRAL,0.9954144954681396,70593.525,2026-03-14 16:10:00,70637.995,70500.005,70637.995,,0.06299444602036966
2026-03-14 16:00:00,BTCUSDT,NEUTRAL,0.9948588609695435,70570.41500000001,2026-03-14 16:15:00,70646.315,70500.005,70584.025,,0.01928570208916304
2026-03-14 16:05:00,BTCUSDT,NEUTRAL,0.9833630323410034,70546.17499999999,2026-03-14 16:20:00,70646.315,70500.005,70621.005,,0.10607237033051942
2026-03-14 16:10:00,BTCUSDT,NEUTRAL,0.960959792137146,70637.995,2026-03-14 16:25:00,70646.315,70572.945,70618.095,,-0.028171807537847274
2026-03-14 16:15:00,BTCUSDT,NEUTRAL,0.968048095703125,70584.025,2026-03-14 16:30:00,70662.745,70572.945,70662.745,,0.11152665210010504
2026-03-14 16:20:00,BTCUSDT,NEUTRAL,0.9517679810523987,70621.005,2026-03-14 16:35:00,70682.875,70600.005,70682.875,,0.08760849551772215
2026-03-14 16:25:00,BTCUSDT,NEUTRAL,0.9449038505554199,70618.095,2026-03-14 16:40:00,70692.155,70618.095,70649.475,,0.04443620293071437
2026-03-14 16:30:00,BTCUSDT,NEUTRAL,0.9398056268692017,70662.745,2026-03-14 16:45:00,70692.155,70633.58499999999,70652.095,,-0.0150715911191876
2026-03-14 16:35:00,BTCUSDT,NEUTRAL,0.9678707122802734,70682.875,2026-03-14 16:50:00,70692.155,70599.16500000001,70660.715,,-0.031351299731375515
2026-03-14 16:40:00,BTCUSDT,NEUTRAL,0.9662290215492249,70649.475,2026-03-14 16:55:00,70708.66500000001,70599.16500000001,70695.045,,0.0645015408819279
2026-03-14 16:45:00,BTCUSDT,NEUTRAL,0.9684523344039917,70647.495,2026-03-14 17:00:00,70708.66500000001,70599.16500000001,70676.035,,0.04039775224869353
2026-03-14 16:50:00,BTCUSDT,NEUTRAL,0.9657284617424011,70660.715,2026-03-14 17:05:00,70708.66500000001,70641.685,70641.685,,-0.026931513500817017
2026-03-14 16:55:00,BTCUSDT,NEUTRAL,0.9894726872444153,70695.045,2026-03-14 17:10:00,70700.005,70641.685,70664.745,,-0.04286014670476963
2026-03-14 17:00:00,BTCUSDT,NEUTRAL,0.9901648163795471,70676.035,2026-03-14 17:15:00,70690.755,70641.685,70690.755,,0.02082742757145497
2026-03-14 17:05:00,BTCUSDT,NEUTRAL,0.992572546005249,70641.685,2026-03-14 17:20:00,70709.995,70641.685,70684.705,,0.06089888710894152
2026-03-14 17:10:00,BTCUSDT,NEUTRAL,0.997497022151947,70664.745,2026-03-14 17:25:00,70709.995,70659.005,70694.505,,0.042114352779464945
2026-03-14 17:15:00,BTCUSDT,NEUTRAL,0.9948668479919434,70690.755,2026-03-14 17:30:00,70733.015,70672.515,70732.185,,0.05860738083783801
2026-03-14 17:20:00,BTCUSDT,NEUTRAL,0.9943702816963196,70679.775,2026-03-14 17:35:00,70733.015,70639.39499999999,70639.39499999999,,-0.057130911919293266
2026-03-14 17:25:00,BTCUSDT,NEUTRAL,0.9950370192527771,70694.505,2026-03-14 17:40:00,70733.015,70639.39499999999,70651.025,,-0.06150407305350038
2026-03-14 17:30:00,BTCUSDT,NEUTRAL,0.9965343475341797,70732.185,2026-03-14 17:45:00,70732.185,70639.39499999999,70663.535,,-0.09705624108741188
2026-03-14 17:35:00,BTCUSDT,NEUTRAL,0.9909617304801941,70639.39499999999,2026-03-14 17:50:00,70664.91500000001,70628.005,70628.005,,-0.016124147156108666
2026-03-14 17:40:00,BTCUSDT,NEUTRAL,0.9853190183639526,70651.025,2026-03-14 17:55:00,70664.91500000001,70590.005,70590.015,,-0.08635401963381956
2026-03-14 17:45:00,BTCUSDT,NEUTRAL,0.9823594689369202,70663.535,2026-03-14 18:00:00,70664.91500000001,70590.005,70605.935,,-0.08151304629750807
2026-03-14 17:50:00,BTCUSDT,NEUTRAL,0.9836148619651794,70632.57500000001,2026-03-14 18:05:00,70632.57500000001,70560.495,70581.67499999999,,-0.07206306721795612
2026-03-14 17:55:00,BTCUSDT,NEUTRAL,0.9884315729141235,70590.015,2026-03-14 18:10:00,70623.345,70560.495,70583.85500000001,,-0.008726446651114808
